rnacentral_id,taxid,description,rna_type,so_rna_type,databases,secondary_structure,sequence,seq_len,rfam
URS0000C50398_692275,692275,Sphaerulina musiva SO2202 RNase MRP,RNase_MRP_RNA,SO:0000385,Rfam,.((((((((((..((((((..(((((((.........(((((((........)))))))...........)))))).)..................................((((....))))...............................................................................................................................................................................((((((...((((.........((((......................................(((())))...)))).)))).))))))............................)))))).((((((...............................................))))))....................)))).)))))),TCCTCGCTCAACAAATCGCAATCAAAGCTCACACACAGACATGGCCTCGCGCCACTGTCCTACATACATTGCTTTGGGAGAAAGTCCCCGGACACCAGTGTTATTCACTGCAAGCTGAAAAGCGCCGCCACAGAAGCATTCCCGCGGCTTATCCTCTCCTGCACCTCCATCCTTCCTCACCACCCATCATCGGTTGCACTCTTTCCGGACAGCTCCTCTGCTCGACCTCGCACCTGGGCTGAAGACCGCCGCAAGATGCCTTCGCAAGAGGGAGACGAGGATATGAGTCTGCACTTCTTCTCAGCCGTGGTCGCTGCAGCGTGAGCAAGAAGGGAGGAGGAGATGGTTGGGACTCGTTCTGAGGCCAAGGTGGGATCAAGGTCAGTTGAGGAGTCCACTCGTCAAGGTTGATAGATATGCGATTGCTCACGCCTCTTTCACCATCCTGCTACACTAAGTTCAGGTTTGGTGATCTGAGGATGAGTAACTCGATGGGGCTTATGTTTGATGCGAGG,515,RF00030
URS000065032E_1071378,1071378,Naumovozyma dairenensis CBS 421 RNase MRP,RNase_MRP_RNA,SO:0000385,Rfam,.(((((.(((((..((((((......(((((((...........(((((((..........................)))))))........))))))).........................((((.....))))......................................................................................................................................................................)))))).((((((.......................)))))).......................)))))..))))),ATCCATAGCCAAAGAATCGTCACTGATCGAAGCTTACAAAATTGGAGTTCTCATTTCATTCATTGAATGAAATGAACTGAACTCATCACTATGCTTTGGGTTGAAAGTCTCCCACCAGGTCATATGCGGAAAACGTAATAAGATTTAAAAATTTTAAAATCTTTAAATCAACTTATTAAAGTTTGAAAAAGCTATCATCAGATTGTTTTTTCTTACTTTCCCGACTTGAATCTTCTTTGAATGATTCAATGTTTTCTTCGGTATCGAGATCCCCTTTTCAATGGATCTCAAACCATAGTCATGACGATTGCTGTACAAAATTACATTTGTTTGTCATTTGTATGGTAACCCAATGGAGCTTACTATTCTTGGCTCATGGA,380,RF00030
URS0000669B87_619300,619300,Spathaspora passalidarum NRRL Y-27907 RNase MRP,RNase_MRP_RNA,SO:0000385,Rfam,.((((((((((..((((((..(((((((.........(((((....))))).......)))))))....................((((....))))...............................................................................................................................................................................................................................................................................................................................................................................................................................................................)))))).(((.....)))....................)))).)))))),TCCATGTTCAAAGATTCGTCATCGAAGCCTACAAAAAGACTTTTACAAGTCAATCAAAGCTTTGGGGAAAGTCTCCTGTCACAATAGCGGAAACGCAATGATCTATCACAGATTTCATTGACGGCGGTTTACATTCCCATTTGTGCTGATATGTCCTTGCTTTATATCTCTTTGATTTCCTTACTCTTTCAGGGTGGGTCGGATCCTGTTGGCTCTATTGTTCCATGTTGTGAATTTCTTGATTCTGTGTTTTTGTTGCTAATCCATTTGGATCTTGTCTTTCTAGCTCTGGCAACTGATGCACAATTGAATGTGGGATTATTGCACAGGTTCAATATACGGGGTTAACACGGACCTGGTTCTTAAGGGGTCATACACGGAGATGTTTGCTTTTTGGGTGTATTTTGTGCATTGGGAAAGTACGTGCCGTATTACGTTCCTGAATGGGTTTATTTATCTCATTTGGATGTATTCCGGTATCATTTCTCGGAATGGTATTGGACAGTCGACATTGGGATCTTGCGGATCCTAAACGATAGTCATGACGAATGATCGGTATGATTAACGCAATGGAGCTTATTCTTGATTCATGG,593,RF00030
URS000071FBB1_312017,312017,Tetrahymena thermophila SB210 RNase MRP,RNase_MRP_RNA,SO:0000385,Rfam,.((((((((((...((((((..(((((((.........(((((..................)))))......................)))))))...................((((.....)))).((((....)))).(((...((((((((((((((......((((...)))).................))))...)))))))))).))).....................))))))........................)))))))))),GCGTTGGAATAAAGAATTGTTTTCGAGGCAAACAAAAAAAGTTCTCCTCTTTGCAGAGGAGAGCTTCGACTTTTGTCGATAACTCAAAACCTTGGGGAAAGTCCTCCTGACTCTGATAGAAAGTATCAGTTTTAACTAACGGGGGATTTCATCTTTCTGTCGAAGAGGGTTTTTACCCAAAAAGTAAACACCTGAGACTTAAGAGAGATGAGGTCTTCTTATCAATAGCAAAGTTATACAATTCTAAGAACACAAGGAGGCTCACTTTATTCCAACG,277,RF00030
URS0000D83862_1073089,1073089,Aspergillus wentii DTO 134E9 RNase MRP,RNase_MRP_RNA,SO:0000385,Rfam,.((((((((((..((((((..(((((((.........(((((((.................))))))).............)))))).)............................................((((....))))((((((...........))))))...............................((((............................................((((...))))...)))).........................................)))))).((((((..................))))))....................)))).)))))),TCCTCGCTCAAAGAATCGCATTCAAAGCTTACGCACAGGAAATCCTTCGGGATTCTCCTCTTCTTTCCATGAAAGAAAACAGCTTTGGGAGAAAGTCCCCGGACACCCTGACCTAATATACCTGGTCACGCAATGCGGAAACGCGCCGCCATAAAAGCAATTTGATAGCGGCTTATTTGCCCTATTCCCTACCGATGCTCTGTCTATATCCGACGCCTTTCACCGGGTGGAAATAATGGCGGTATAGCTGGGTGTTGGAGAGGGGTTGTTTCATTGGGTTGCCTTTCGTCGTGTTTGGATAGTCATGCGATTGCCTTGTTTTTCGCCTTCGGGGAAAGATGGGTAACTCAATGGGGCTCATTCTTGAGGCGAGG,374,RF00030
URS0000C1A017_944288,944288,Plicaturopsis crispa FD-325 SS-3 RNase MRP,RNase_MRP_RNA,SO:0000385,Rfam,.((((((((((..((((((..(((((((.........((((..))))..........)))))))..............................................................................................................................................((((((.....)))))).(((...((((((...((((........((((....................((...)).....)))).)))).)))))).)))......................)))))).((((((..))))))....................)))))))))),ACACCGTCTGAAGAATCGCCGTCGCAGCTCACGTACAGAAGTCCCTCTTCTCTTTTCGCTGTGGGGAAAGTCCCCGGAGACACACAGACCGATGTTCTCGTCCCACCTGCGGAAAGCCCCCGCCCCCAAGCACGGCGGGTCGGGACGAGTGACGGCGGGAACGTACTGCTCGGAGTGCTCGCTACTCCAGCTCCGTCCCGCCAGTCTGTGGCCCGTCGCCTCGCGCGCGCTGCCCAGTGACGGCCCCGCACGCGCGAAGATACGAGCGCGTGCGTGGTTTGAGCGGCGCGTACAGGCCGGGCACACCCGTTGCTCATAGACAAAGTTATGCGATTGTAGACCGCGGTCATCAACTCAATGGGGCTTACTCTCATTCGGTG,380,RF00030
URS0000C4C244_181606,181606,Trichinella sp. T9 RNase MRP,RNase_MRP_RNA,SO:0000385,Rfam,.((((((((((..((((((..(((((((........((((.))))........)))))))....................((((.....))))(........).(((...((((((...((((((((......)))).)))).)))))).))).................................))))))........................)))))))))),TGCTGCCAGGGAGGATTGCTTACGAGACTACTAAAGAGCTTTGCTTTGCAATTGTCTTGGGGAAAGTCCCTGGGCTAAAAGCTTGAAATAAGCACCCGTAAGAAGGTCAGCTGCACTGGCGTCCGGTTAATTCACTGTGACGATTGGAGTACTGGATCAGTGCAGTCATAGCCGTAACATAGAAATGCAATCTATGAAACAAAACAGGGCTTATTCCTCTGACAGC,226,RF00030
URS00006C7C15_630390,630390,Puccinia triticina 1-1 BBBD Race 1 rNase MRP,RNase_MRP_RNA,SO:0000385,"Ensembl Fungi,Rfam",.((((((((((..((((((.......(((((((.......(((((((..))))))).........)))))).)....................(......)(((.......))).(((...((((((...((..................)).)))))).)))......................)))))).((((((....))))))....................)))))))))),CAAGCAAGCCAAGGACCATATGGTTTTTTGTGTTACACTTTCAGCATCTAAGCTTATTATATTCAACACAAGGAGAAAGTCCCCGGAAAAAAAAATATCTTCTGTCCAATGATTAAAGATTAGGGCAGTGGGGTATTTAGTAAAGCAACTTTGTTTGTTTGTTTTTTTTCATAATAAAAAGTAATATGGTCACCCTATAATAATGGGGCAACTTAATGGGGCTTACTCTGGCTTGTTT,238,RF00030
URS0000633053_5865,5865,Babesia bovis RNase_MRP ribozyme sequence,RNase_MRP_RNA,SO:0000385,"Rfam,RiboCentre",.((((((((((..((((((.(((((((.........((((.)))).....))))))).....................((((.....))))((((((....)))))).(((....((((((((.........................)).))))))......))).......................)))))).(((((.)))))....................))).))))))),GATACGGTCGCGAAGCTACTTCGTAGTGAACACACGGGTTGAGCCTATACACTACGGGGAAAGTCTCCGTGCGTTTAATGCCTAGAGGGCACAGGGGGAATCTCCAGCGGATGCTGCGAATGTTATTTTACTCGACATTTGCTGCTTCACTATTTGCCGTTTGGCCAGACCATTAAACCGATAGTCAATGTAGCTAGCGCCTGGCGCTGACTCAATGGAGCTTATCTGCGTACCGTAT,238,RF00030
URS00006EF1FB_10141,10141,Cavia porcellus (domestic guinea pig) RNase MRP (ENSCPOG00000028319.2),RNase_MRP_RNA,SO:0000385,"Ensembl,Rfam,RiboCentre",.((((..((.....(((((((.......(((((((..)))))))........)))))))...................((((.....))))((((((....)))))).(((...((((((...((((.......((((.....................................)))).)))).)))))).)))..........................)).((((((........))))))....................)))),TCTAAAAGAAGAGGTGTTGGCTACACACGGGGCACGTGTTCCTCATCTGGTTGCCTAGAGGAAAGTCCCCGGACCTTGGGCAGAAAGTGCCACGTGCTCACACATGTAGACCCTCCCCGCCCTTCACACTTAGCCCGCTAAGAAGCAAACGCGCTCTTTGGGACGGGAATGCTGAGCGGCTTGTTGCAGGACATCATCCGTCAGCTGTCATAGTGACGCAGGCAGTGCGCACGTAGGTGCGCACCAACCAAACGGGGCTCATTCTTAG,268,RF00030
URS0000C7EF56_767744,767744,Tortispora caseinolytica NRRL Y-17796 RNase MRP,RNase_MRP_RNA,SO:0000385,Rfam,.((((((((((..((((((..(((((((.........(((((((...........))))))).......)))))))......................................................((((((...((((((((.....................................................................(((())))...)))).)))).)))))).....................................)))))).((((((.........))))))....................)))))))))),CCATACCAAAAACAATTGCCATCGGAGCATACAAACGGGCTAATTTCGTCGCGAAACTAGTCAATATTAGCTCCGGGGAAAGTCTCCGGTCATCATGTTACTATGGTCTTGAAAAGAAGCTGTCACAGGCTTCTTGGATAGAATTGGAAACATAAAGCACGACGCTTTTTGGACCTGGCCGCTAGGTCTTAGACCATACCAAAGTGTCCGCGCTGCGGGGGCTCGGTCCAACTTCGGCATTATTGCAAAGCTATTTGGCTTGTGCATGATTACAGTCATGGCAATTGCTTTTCTGCTTGTAAGAAAGGTAACCCGATGGAGCTTAGTCTTGCGGTATG,338,RF00030
URS0000C7DD14_64791,64791,Trachymyrmex zeteki RNase_MRP ribozyme sequence,RNase_MRP_RNA,SO:0000385,"Rfam,RiboCentre",.((((((((((..((((((..((((((........(((((((..)))))))......))))))....................((((.....)))).((((.....)))).(((...((((((...((((.......((((......(((())))...))))..)))).)))))).)))......................))))))..((((((..........................))))))......................)))))))))),AAGTTCCCTCGGGAAGCACCGCGGAGCCACTATCGGAGTCTTCGATGACTCTTTATCGCTCTGAGGAAAGTCCCTGGACCCGTGGCAGAAAGTGCCGTAGCTTTTGGCTATCAGCCTCCGTCGTCTTCGCGAATTTCAGGAGAGGAAGCTTCGGCCGATCCTTCGCGATGGGCGTGAGAGTGTTTGTCAAAGTAAAGTAATGTGTGTTGAAACGTTTCTGCTCTTCTGAAAAGAAACAGCAACGTTTAAACCGAACAGGGCTTATCGTACGAGGAAACT,279,RF00030
URS0000C5E2B8_2711,2711,Citrus sinensis RNase_MRP ribozyme sequence,RNase_MRP_RNA,SO:0000385,"Rfam,RiboCentre",.((((((((((..((((((..((((.................)))).......................((((....))))((((((....)))))).(((....((((((...((..................((((......((..))...))))....)).)))))).)))......................)))))).(((((.)))))....................)))))))))),AACTCGCAGGATAATGTGGTTGGGCCGAACACCATCGTTCGGGCCCAGGAAAGTCCCCGGGCCATGTTATGCTGAGAAGCATCCTTGGTAACAAGAGAGCCATGATTCGGAAATTCTTCTCGCACTCGTGCGAGCGGCTGAGACGCGTGTGGAGCCGCCGAGTTTCCTCATGGTATTTGGCCGATTACACAGTTATCCACATGCTTTAATAAAGCAACTGAACGGGGCTTACAATCCTGCGGGT,244,RF00030
URS0000C513DA_109376,109376,Brassica oleracea var. oleracea (wild cabbage) rNase MRP,RNase_MRP_RNA,SO:0000385,"Ensembl Plants,Rfam",.((((((((((..((((((...((((..(((((((..)))))))..)))).........................((((....))))((((((....)))))).(((....((((((...((((......((((......(((())))...)))))))).))))))...))).......................))))))(((....)))......................)))))))))),CAGTCAGTGGAAGAAGTGATTGGGCCATGGGCTTGTCAAAGCTCGGGCCCTGGAAAGTCGCCGGGCCACCATTCCCGCAGAGATGCGGCCTCGGTAACGAGCGAGTCTTGTGCTTGGAGAAGACATAATCGGGCTGAGACACGTGTATGGAGCCTGTCTCTCAAGCCAAGATATTATGGCCAATTTAACAGTAATTCACTTCCCTAACGGGACACAACAGAACGGGGCTTACTTCCACTGACA,243,RF00030
URS0000C4666F_1159556,1159556,Villosiclava virens RNase_MRP ribozyme sequence,RNase_MRP_RNA,SO:0000385,"Rfam,RiboCentre",.((((((((((..((((((...(((((((.........(((((((...............))))))).................)))))).)................................((((....))))..................................................................................................(((...((((((...((((........((((....................................................................................(((())))...)))).)))).)))))).)))......................)))))).((((((......))))))....................)))).)))))),CCCTCGGTCAACAAATCGCCATTCGAAGCTGTCAAACAGGGACGTTCAGCCTTGCGCTAAGCGTCTCATCCTTCGGGATACTATGCTTTGGGAGAAAGTCCCCGGACGTCTCCATTTTGGAGCTTGCGGAAACGCGCCGCCATAGAAGCACTGCGGCTGACCTTTTGCGCCTTGGCCCTCTTCGCGGACATCCGCCCTTCTCGTCGCTACATCTGTTCTTCGAGTTCGATTGGAAACCTGCTCTGCGTCTCTTGACCCTTTGGATGAAGATATGAGTCCGCGTTGGGATGATGTGGTCGGGACCTTCTAATACCGGGCGAGCGTTCAGATGACGGGTAGCCGTGTGATGACGTGAGTTGTGGCTTCGGGTGCTGAGGACTAGTTGTCGAAGTCGATAGGTATGCGATTGCTCGGCTTTCTGGCCGAGTTACTCGATGGGGCTTATTCTTGAGGCGAGG,458,RF00030
URS000068D703_3068,3068,Volvox carteri f. nagariensis RNase MRP,RNase_MRP_RNA,SO:0000385,Rfam,..(((((((........))))))).......................................((((.....)))).((((.....)))).(((.....(((((((....)))).))).))).............................((((((.....))))))..............................,CGGCGGGGCTGTGCGCTGCATCCCTTTATCTACGTACACCGGGCGAAAGTCCCCGGGCGATGGGGCAGAGAGTGCCATCCCGGAAGGGCAGGTCCCCTGCGCGTCTTGTTAGGCCGCGGGGCAGCTCGCCATAGCAACAGTAATGTGGCCAGTGGAGATGCAATCCACCAACTCAACGGGGCTTACTCCCGCACTGAC,198,RF00030
URS0000C2C7B2_105487,105487,Valsa mali RNase_MRP ribozyme sequence,RNase_MRP_RNA,SO:0000385,"Rfam,RiboCentre",.((((((((((..((((((..(((((((........(((((((..........))))))).........)))))).).......................................((((....)))).......................................................................................................................................................................................................................................................((..))..............................................)))))).((((((................))))))....................)))).)))))),CCCTCGCCCGACAAATCGCCATCGAAGCTTCACACGGAGATATCTCTTACGAGTCATCTCACAAAACATGCTTCGGGAGAAAGTCCCCGGACAATCTTCTTCCCCAAGAAGAAGAACGCCGAAAGGCGCCGCCATAGAAGCACCACGCGGCTGATCTCTGCCCTCCTCCGTCCTCTTGTCTGACTTTGCCAGCCCCGCCCCGTCGCTACATCTTTCGGTTCATATCTGGGGGTCTGACACCGGTGGTTCTGCCTGATCGCGCTCTACGGACGAAGATATGAGTCCTGCGCACAGGGCGGGATCTCGGTTGCTTAGGCTTCTGGAGTGTGGCCGTTCGATGGCGGGGTGGACGTTATGTGCGGTCTAGTGCTGGGGGCGCTTTGTGGGGAGGGTTTGAGAGGTGTTTTCGTCGAGATTTGATAGGTATGCGATTGCCTTTGGTCAAGTTCACGCTTGACTGGGTTACTCGATGGGGCTCATTCTTGGTGCGAGG,493,RF00030
URS000065CE6D_39947,39947,Oryza sativa Japonica Group (Japanese rice) rNase MRP,RNase_MRP_RNA,SO:0000385,"Ensembl Plants,Rfam",.(((((((............))))))).................................((((....)))).((((......)))).(((.......((((((((((..............((((......((..))...))))...))))))))))......))).............................((((((..))))))..............................,CGAGCACATGACGAAGTGAGCGGGCTCTTTGTAGCCCTGGAAAGTCCCCGGGCCCTCAACCGCAGAGATGCGGCCGCGGAGACGCGGAAAGTCTCAGCGCTCGCGCCCTCCTCTTCGCGAGGGGGCAGAGACACGTGTGGAGCCCTTTGGGCGCGAGCCGAGATCATAATTGGCCAATTACACAGTTATTCACTTGATCCATCTCCGGATTAACAGAACGGGGCTTACGATTGTGTGCAA,240,RF00030
URS0000C5F0CD_1126212,1126212,Macrophomina phaseolina MS6 RNase MRP,RNase_MRP_RNA,SO:0000385,Rfam,.((((((((((..((((((..(((((((.........(((((((........))).))))............)))))).)...................((.....)).................................................................................................................................................................................................................(((...((......................................)).))).....................)))))).((((((..............))))))....................)))).)))))),TCCTCGCCCAAAGAATCGCAGTCGAAGCTAACGCACGGAGACGCCCTCCGCGGTGTTCTCATCCAACAAAACGCTTTGGGAGAAAGTCCCCGGACAGCCCCGAACAGGGGACTCCGCGTCAACGCGCCGCCATAGAAGCAGCGTCGTCTCTTCACTGTTCCCGGTCCTCCTGCGCGCCTTCCACCGTTTGCACTTGGCCACTCCCCTCTTTGCTCACTCGGGCCCCAAGCTGCTCACTACGGATGAAGATATGAGTCCGAGCGGTGCAAGGTTCGGGCTGTTGAGAGAAGGGCTCTGTGGTTGGGGAGGTGTCTGGATACCGCCTGGGACGCCGTGGTCGCTGGCTTGCCAGTAGCAGTGTCGAGGTTACTTCGTCGAGAAGATAGTTATGCGATTGCCTTCGTCCCCTTTACGGGCCGGAGGTAACTCGATGGGGCTTATTCTTGGTGCGAGG,454,RF00030
URS0000691533_51511,51511,Ciona savignyi RNase_MRP ribozyme sequence,RNase_MRP_RNA,SO:0000385,"Rfam,RiboCentre",.((((((((((..((((((..(((((((.........................)))))))...................((((.....)))).((((.......)))).(((...((((((((((.......................((((......(((.)))...)))).)))))))))).)))....................)))))).((((((......))))))....................)))))))))),CTGCACTTGGAAGACTTGCTATCTAAGTCATTATGGGCAAAAGGGACCCTATGGCTTAGGGGAAAGTCCCCGGACACTGGGTAGAGAGTACCTGGGGTGTAACCCCCCACACCTGATCTAAACCACCTGGGGTTATACACCTTGGACCAAGCTAAGATGCATTGCGGAGCTTGTGGGTACGGTTGGGCTTAGTCGAAGCACAGTCATGCAAGTGGCTAGTTGTAATGCTAGCTAACTCAATGGGGCTCACTCTCCAAGTGCA,262,RF00030
URS0000C3AC54_5544,5544,Trichoderma harzianum RNase_MRP ribozyme sequence,RNase_MRP_RNA,SO:0000385,"Rfam,RiboCentre",.((((((((((..((((((...(((((((.........(((((((.........)))))))......................)))))).)................................((((....))))...........................................................................................((((((...((...............................................................................................................((((...))))..........)).))))))..........................)))))).((((((....))))))....................)))).)))))),CCTTTGCTCAACAAATCGCCATTCGAAGCTTACAGACGGAGATGCTGCTCGTCAGCGTCTCGTGATATCTTTTCACGACCCAGGCTTTGGGAGAAAGTCCCCGGACGTCTCCTTTTCGGAGCATGCGGAAACGCGCCGCCATAGAAGCACTGCGGCTGACCTCCGCGCCTTGGCCCAGCTGAGGCATCCTGCCCTGCCTGCTGCTAAATCCGTCTTCGCGAGACATTTTTGCCAGCCCTGTTTTCTGCGCCTCTGGCCCCCATGGATGAAGATACGAGTCCGAGCTGGAGGGTGTAGGAGCAGGGCCGCGGCGATGTCGACTGGAGATGGATGGTAGGTGGACGTTATGGTGTCACGGCTGTGGTATCGGGTGCAGAGGATTTGTTGTCGAGGTCGATAGTTATGCGATTGCCCGGCGAAAGCTTGGTTACTCGATGGGGCCCATTCTTGATGCAAAG,458,RF00030
URS0000C2C103_1573173,1573173,Colletotrichum incanum RNase_MRP ribozyme sequence,RNase_MRP_RNA,SO:0000385,"Rfam,RiboCentre",.((((((((((..((((((..(((((((.........(((((((...........)))))))....................)))))).)....................................................((((....))))........................................................................................................................................................................................................................................(((...)))..................................................)))))).((((((...................))))))....................)))).)))))),CCCTCGTCCAACAAATCGCCATCGAAGCTCGCAAACAGAGACGTCTTTTTCAAAGGCGTCTCGGTCCTTTGGGCCACGCAATGCTTTGGGAGAAAGTCCCCGGACACACGTTATTCCCCCTTCTGGGGTGGAACAAAAACGCCGCGGAAACGCGCCGCCATAGAAGCACAGCGGCTGACCTCCAAGACCTGCGCCCGGACGCAATGGCCTCTCTCGCCGCCCCGCCCCGTCGCTACATCGTCGGTATTCTACCCTCTCGAGACCCTAGTTTGCTTGTCCTGGGACCACTTGGATGAAGATATGAGTCCGCGCCTAGGATCGGCAGACTTGATGTCCTTGGGTACGGCAGGTGCCTTTGATGACGGGGTGGCCGCGTGCTGGAGGTCGCTTGTCGGGCGAGTTCAAGGGTTCGTCGGAGGAGTCTTTCGTCGAGATCGATAGGTATGCGATTGCCCGTCCTCCCCCTTCATTGGGGTGGGCGTGTTACTCGATGGGGCTTATTCTTGGTGCGAGG,514,RF00030
URS0000C4C244_144512,144512,Trichinella murrelli RNase_MRP ribozyme sequence,RNase_MRP_RNA,SO:0000385,"Rfam,RiboCentre",.((((((((((..((((((..(((((((........((((.))))........)))))))....................((((.....))))(........).(((...((((((...((((((((......)))).)))).)))))).))).................................))))))........................)))))))))),TGCTGCCAGGGAGGATTGCTTACGAGACTACTAAAGAGCTTTGCTTTGCAATTGTCTTGGGGAAAGTCCCTGGGCTAAAAGCTTGAAATAAGCACCCGTAAGAAGGTCAGCTGCACTGGCGTCCGGTTAATTCACTGTGACGATTGGAGTACTGGATCAGTGCAGTCATAGCCGTAACATAGAAATGCAATCTATGAAACAAAACAGGGCTTATTCCTCTGACAGC,226,RF00030
URS0000C14307_1170229,1170229,Penicillium digitatum PHI26 RNase MRP,RNase_MRP_RNA,SO:0000385,Rfam,.((((((((((..((((((..(((((((.........(((((((.......))))))).........)))))).).....................()((((((......))))))..............................................................................................................................(((.....((((((...((((((((......((((...))))...))))..)))).))))))..))).......................)))))).((((((.....................))))))....................)))).)))))),TCCTCGCTCAAAGAATCGCATTCAAAGCTCACGCACAAAAGGAAGCCTCGCTACCTTTTCCATTCTCGCTTTGGGAGAAAGTCCCCGGACATCCTGCGCTTTGGGTAAAACCAAAGTACTAAGCCAGGCTCTGCGGAAACGCGCCGCCATAGAAGCAATTCGATAGCGGCTTACGCCCTATTCCCTCACGGTACCTCGTGTCACCTGACGGTTACATCTCACGATGTCTCTGGAAACAATGTGGTGTGTGCTGGGTGTTGGAGAGGGGAAGGATTGGTGGTAAAACACCTTTCCTTGTATTGGGTTGCCTTTCGTCATGTTCGGATAGTCATGCGATTGCCTCCTGTCTACTTCCTTGGAAGTAGATGGAGGTAACTCAATGGGGCTCATTCTTGAGGCGAGG,403,RF00030
URS0000D7B736_88456,88456,Cyclospora cayetanensis RNase_MRP ribozyme sequence,RNase_MRP_RNA,SO:0000385,"Rfam,RiboCentre",.((((((((((..((((((.(((((((.........(((((((....))))))).....)))))))....................((((.....))))((((((......)))))).(((..((((((.((((.............................................................((((...))))...)))).)))))).)))...........................)))))).((((((....))))))....................))).))))))),GGGGCAGCCGGCGAGACACGTCATAGCGTCCGTACGGAGCGCGCATGCGCGCTTTTCTTGCTATGGGGAAAGTCCCCGGGCCAGTCGGCCGTAAGGGTCAGGAGGCGATCTCCGCCGGCTCATGAATGCGCTGCGGGAGAGGAGCATCTTCTCTCCCCCCTGTGACCTCTGGGAGAAGGGGCAGCAGCGCTCCTGGGTTTCTAGCCGTTGGAGAGCATTCCGAGCTCTCCGCCTATCAGGAGTGAGCTTATGTGTTTGGTCTCGTCAGGGAGACTAACTGAATGGGGCTTACGTCCGAGCTGCCC,305,RF00030
URS0000C5A3EE_869754,869754,Metschnikowia bicuspidata var. bicuspidata NRRL YB-4993 RNase MRP,RNase_MRP_RNA,SO:0000385,Rfam,.((((((((((..((((((..(((((((............(((((.......)))))...........)))))))....................((((....))))..................................................................................................................................................................................................................................................................................(((...((((((((((...........)))).)))))).))).......................)))))).((((((......))))))....................)))))))))),TTCAGAGACAAAGGTTTGTTTACGAAGCTGACTAAGTGGCCACCGTGCCGCAGTGTCTCGACACTACTGCTTCGGGGAAAGTCTCCGGCCGCGATAACGGAAACGTAGCGGAATTTAAAACCCGTTCACACTCTGTCGGGGCCCATCTCGCTGGGTATGTCTAAGTTCTGCACTGAAGGTCTTTTGCTGGATAGTCGTCAGGCCGTTTTCTTGTAACTCCCTTCTCCTGCTAACCCCTTTTGGGTCTTGTTGGCTTCATGTCAATGGCATAGTGAGGGCTTTGAAAATATGCCTGGCAGACATTCTGCACAAGAGTTTTTTTGCATAAGGGACTTTGGCGTATTCAGTTGGGCTTGGGGTTCCTTGACTTTGTGTTCCCTTGGTTCTTCATGGAGGATTGAGGTTTCTTTCGGCAATGGGATTGTGAATCCTAAACGATAGTTATAGCAAACGGCCACCGTATCGGGTGGCTAACACAATGGAGCTCACTCTTGTCTCTGG,501,RF00030
URS00006DF61A_436907,436907,Vanderwaltozyma polyspora DSM 70294 RNase MRP,RNase_MRP_RNA,SO:0000385,Rfam,.((((((((((..((((((......(((((((.........(((((((.........)))))))......................))))))).........................((((.....)))).................................................................................................................((((...)))).........................................)))))).((((((...................))))))......................)))).)))))),TCCATGGCTGAAGAATCGTCACTAGTCGAAGTTTGCAAATGGAGTGGTATTTTATATGCTACTCAATATCTTTATTTAAAAATTAAACTTTGGGTAGAAAGTCTCCCACCTGTTCATATGCGGAAAACGTAATGAGATTTAAAAATTTTAAATTCTTTAAATCAACTCATTAAAAGTGATAGATGAGGAAAGGTCACCTTTTCTTATTTATTCATTTTTTTGGACTATTGATTTGTAACAAATCAATAGTTTTTTCGGTACTGAAATTGGTTTTTCAATTTCAAACGATAGTTATGACGATTGCCTTGTTAATGGGATTTATTTCATTACATGGTAACCCAATGGAGCTTACTTTCTTAGCTCATGG,367,RF00030
URS000067F47F_4952,4952,Yarrowia lipolytica RNase_MRP ribozyme sequence,RNase_MRP_RNA,SO:0000385,"Rfam,RiboCentre",.((((((((((..((((((...(((((((.........(((((((.))))))).......)))))))...................(((....)).)((((((.....))))))....................................................................................................................................................................................((...))...............................................)))))).((((....))))....................)))))))).)),ATCCGAGTCGAAGAATTGCAGTTCGAAGCCTACACAAGGATTTGTCAAAAATCATCTTTTGCTTCGGGGAAAGTCTCCGGTCCACTATGGCAACACTTCCGGTGACTCACCGGGATGGGTGACAACAAGTCATCTCTGGCGCTGTGTTTCATGGCCCATGTCGTGGTTTGCCACCCCTCAGAATGCACAGGACTTGTCATTAGTCTTTCATCCAGCCAGCCGCAAGGCTCATCTGGACTGTGTGGAGAGAGGTTGGTATAGGCTACGTCATTGGGCCATGATAGCTCGCCGTCCTCTTCGCGAGGAGCTTCTATTCGACGCTGGGAATCTCTCCTAAACGATAGTCATGCAATTGCTACCCCAGTAGTAACCCAATGGAGCTTATTCTCGACTTGTGA,398,RF00030
URS0000640B0B_7244,7244,Drosophila virilis RNase_MRP ribozyme sequence,RNase_MRP_RNA,SO:0000385,"Rfam,RiboCentre",.((((((((((..((((((..(((((((.......(((((((..))))))).........)))))))...................((((.....))))...............................................((((((.........)))))).(((((((((...((((((((...........((((...)))).......)))).......)))).)))))).)))........................)))))).((((((..............))))))....................)))))))))),TGAGTTTTCCTTGCTTGTCTCTCGGGGTCACAAACGAGCTCCTAGTAGCTCTCATTTATCACCCTGGGTAAAGTCCCCGGGCCAAGGATAGAAAGTATCAAGGCGTAAAAAAACAGTTGGTGCGACGATCCCGCCGTCGTTTACAATTTCGCCTATATTTCGCGGTATTTCGCCTTGCGTACTCCAATGAAGAGAGACCCCTTATTAAGGGTCTCGAATTGATGCGCTCGGTTGACTGCGGAAATGTGCCAGAGAACATGAGATATGGACGAGTAGGGGGGCGTGTCACAGCGCCCGCCTACACGGAATGGGGCTTACGTAGGGAAATTC,330,RF00030
URS0000C13718_1220924,1220924,Cyphellophora europaea CBS 101466 RNase MRP,RNase_MRP_RNA,SO:0000385,Rfam,.((((((((((..((((((..(((((((.........(((((..............)))))...........)))))).)..................................................................................................................................................................................................................................................................................................((((...))))....................................................)))))).((((((.))))))....................)))).)))))),TCCGCGCTCAAAGAATCGCATTCGAAGCCTACGCGTAGCGTCCGCCCTCGTGGCAAGATGCATGCCCTCCTCGCTTCGGGAGAAAGTCCCCGGACCACCTGTACTCTGTGCAGGACTTGCCGCAAGGCGCCGCCATAAAAGCATACCCAACGCGGCTTACACTCGCCGTCTCTCCGCACGGCACCTTTTCTCCATACCCTCGATCCGACCTCGATGCCGTTCGCATGCCCTCGACGAAACCTGCGTGGTGAAGAGCAGAGTGGAAGGGCGGATGGATGAAGATACGAGTCCGTCAACACTTCGGTGGCCTGGAAGCCTGGTTGGAACTCGTAGGTGGACGTGAGGGGAGAGGTCTTGAGGGTGCCAGTTAGGTCCGAGGCTGGAGTGGTGCTGGAGGCGACGGTTGCGCGATTCGTCGAAGATGAATAGTTATGCGATTGTCTCTGCGTGAGATAACTCGATGGGGCTTATTCTTGAGGCGCGG,484,RF00030
URS0000C7F0A4_100787,100787,Verticillium longisporum RNase_MRP ribozyme sequence,RNase_MRP_RNA,SO:0000385,"Rfam,RiboCentre",.((((((((((..((((((...(((((((.........(((((((.......))))))).........)))))).)........................................((((....)))).....................................................................................................................................................................................................................................................................................)))))).((((((.......)))))).....................)))).)))))),CCCTCGTCCAACAGATCGCCATTCGAAGCTCACAAACAGAGACACTCTCTGAGCGTCTCAACCCTCTTGCTTTGGGAGAAAGTCCCCGGACACGTCTTCTCCTCACGGAAGGACATTGCGGAAACGCGCCGCCACAGAAGCACTGCGGCTGACCTCCCGGCCCTGTCCTCAGTCAGTCCTCCTCTGCCCTGCCCCGCCGCTACATCGGTCAGGCTTTTCTCGCTCGGAGTCTAGTCGGGTAGCCTTGAGACCTCATGGACGAAGATATGAGTCCGCGCTCTTGGCCGCTTGATCGGATCCTCCGTGAGAGGAAGGTCTGTTCGATGGCGGGGTAGTCGTGGGTGTCGATGCGTGCTGTGGGCGCCAAGGGGCCCGGGAGGGTTTTTCGTCGAGCACGATAGATATGCGATCGCCCGGCCTCACCAGCTGGGAGTACTCGATGGGGCTCATTCTTGGCGCGAGG,463,RF00030
URS0000C55EF4_9402,9402,Pteropus alecto RNase_MRP ribozyme sequence,RNase_MRP_RNA,SO:0000385,"Rfam,RiboCentre",.((((((((((..((((((..(((((((........(((((((.))))))).......)))))))...................((((.....))))((((((....)))))).(((...((((((...((((........((((..................((((..))))...)))).)))).))))))..)))......................)))))).((((((......))))))....................)))))))))),GTTCGTGCTGAAGGCCTGTTTCCTAGGCCACAGACGGAGGACTTGTTCCTTAATCCATGCCTAGGGGAAAGTCCCCGGACCGCCGGCAGAGAGTGCCACGTGCACATGCACGTAGACCTTCCCTGCCTTTCACTGTTAAAACCGCCAAGAAGCAACCCCTCCTGCGGGGGAGCCGAGCGGCGTGTAGCAGGGTCGTCGTCCGTCAGCTATTCTAGTGACGCAGGCAGTGCGCTTTTCCGCGCACCAACCACACGGGGCTCATTCTCGGCGCGAC,274,RF00030
URS0000C1A068_46433,46433,Reticulomyxa filosa RNase_MRP ribozyme sequence,RNase_MRP_RNA,SO:0000385,"Rfam,RiboCentre",.((((((((((..((((((..........(((((((..)))))))..............................((((....))))............................................(((...((((((...((((..((((...............(((())))...)))).)))).))))))..)))....................................)))))).((((((.))))))....................)))))))))),ACAACAGGTGAAGTCCCGCTTTGCTGATTATTATACACGTATAATTATTGGTGAGGAAAGTCTTCGGTCGATTTTGGCAGAAATGCTCCATCGAAAGATGGTCCCTATCACACCGTTGGATCGCACGACGAAGAAGTCTTCGGATGGAGTCAGATTTAACATGGTAGGGAACAGATCTGTACAATCCACTCTCTGAGGGGATTGTATGGTGTTGACATATCACAGTATTCCACATGATTGCGGGATGATGCATCGCATCTAACCCAACGAGGCTTACTCTCACCTGTTG,289,RF00030
URS0000DADAD6_1141098,1141098,Pseudomassariella vexata RNase_MRP ribozyme sequence,RNase_MRP_RNA,SO:0000385,"Rfam,RiboCentre",.((((((((((..((((((..(((((((........(((((((...........)))))))...........)))))).)....................................((((....))))...............................................................................................................................................................................................................................((((...))))...........................................)))))).((((((.............))))))....................)))).)))))),CCCTCGCCCAACAAATCGCTATCGAAGCTACATACAGAGACAACGTATTTTCCGTCGTCTCCAGATCTTCTTGCTTTGGGAGAAAGTCCCCGGACACGCTTCGTTCCGAAGCAACACGCGGAAACGCGCCGCCATAGAAGCACTGCGTTCCTCCCAGCCCGTCATCTCCTTCCATTCTGCCCCTCCAGTCGTTACATCTCCAAGCCACCCACAGTTATCCGCCCTGGCGCTGAATCAGCAGACCCCACGGACGAAGATATGAGTCCGCGCTGCTTTTCCGGTTCTGGGATCCGTGACGGTGTGGTGGCTCGTTGATGGCTGTTGGCCGCGGAGTGCGGATGGTGGCTTGGCTCTCTTTGATGGGAAGGGCTGGGTTGGAGTTTCTTAGTCGAGATGGATAGTTATGCGATTACCTGACGCTGCTTTGGTGGCTCGGTTTACTCGATGGGGCTTATTCTTGGTGCGAGG,468,RF00030
URS0000DB485B_29845,29845,Penicillium vulpinum RNase_MRP ribozyme sequence,RNase_MRP_RNA,SO:0000385,"Rfam,RiboCentre",.((((((((((..((((((..(((((((.........(((((((.......))))))).........)))))).).....................()((((((....))))))...................................................................................................................................................((((......((((...))))...)))).........................................)))))).((((((.....................))))))....................)))).)))))),TCCTCGCTCAAAGAATCGCATTCAAAGCTCACACACAAAGGGGAGCCTCGCTCCCTTTTCCAATATTGCTTTGGGAGAAAGTCCCCGGACACCCTGCGCTTTGGGTAACCAAAGTACCAAGCCAGGCACTGCGGAAACGCGCCGCCATAGAAGCAATTCGATAGCGGCTTACGCCCTATTCCCTCACGGTATCCCGTACCACCCGACGGTTACATTTCACGATGTCTCTGGAAACAATGGGGTGTGTGTTGGGCATTGGAGAGGGGAAGGATTGGTGGTAAAACACCTTTTCTTGTATTGGGTTGCCTTTCGTCAAGTTCGGATAGTCATGCGATTGCCTCCCGTTTGCTTCTTCGGAAGTCGATGGAGGTAACTCAATGGGGCTCATTCTTGAGGCGAGG,401,RF00030
URS00006713E9_81824,81824,Monosiga brevicollis RNase_MRP ribozyme sequence,RNase_MRP_RNA,SO:0000385,"Rfam,RiboCentre",.((((((((((...((((((..(((((((........(((((((...........))))))).........)))))))...................((((.....))))..((((...))))...(...((((((((((....((((...............................................................................................................................................................................)))).)))).)))))).)......................)))))).((((((......................))))))....................)))))))))),GCTTTGTGATATAGAATCGCTGTCGAAGCTACATACGGAAGAGACGTTTCGGCGGTCTCTTCATCAATCTGGCTTTGGGGAAAGTCTCCGGACCCGTGGCAGAGAGTGCCAGCCGTCGTTGGCCCACCTCTGATACCAGCTTGGTCGCAAAGAAGCCGGGCACTTGGACTCGCATCTCAGTGTGACTCACCGCTCAGTTTTGCTTTTCCATTCCTTCCACCATTTCTTTACTTCTTCTTTCGAGGGTTGTAAAGGATGGGGGTTGGATTTGGCTCAGCAAAATGGTGAGGCTCATTGTGGTGTGACCCATTTTCCCGCGCCGAGCGGAGCTGCGTACCAGGATGTTTGTCACCGCAAAGTAATGCGATTGACGGCCAGTCGTGCTCTTCAGCGCCGCTGGCCGTTAACTCAACGGAGCTTACTCTGAGACAGAG,434,RF00030
URS0000C32FE9_686832,686832,Hebeloma cylindrosporum h7 RNase MRP,RNase_MRP_RNA,SO:0000385,Rfam,.((((((((((..((((((..(((((((.........(((((((.....))))))).......)))))))...........................................................................................................................................................(((...((((......((((...............................()....)))).........)))).)))...............................)))))).((((((.........))))))....................)))))))))),GTGTTGTTCGAAGAATCGCTATCGCAGCTTGCGCACAGAAAAGCTTTTCGCTTTTCATCTTCAGCTGTGGGGAAAGTCCCCGGAGATACAGAGCACGTCCTCGACTATTTTATGGAAAGCGACCGCCTTTAAGCTCGACGGTATTGGTCGAGGATGGAGGGAATGATTTGCACGGAATGGACTTCGTATCGTTCCGTGCTCCATCCCATCCACTCTGTGACTTTTTCAGACGGGTTTCCTTCGACAAAGGCGCGGGTGTGCGAAGATATGAGCATGTCCGTTGCTCGTTGGTAGCCTCGATGAGAAGTCCTTCGTTGCTCATAGAGACAGTTATGCGATTGTCAATTCCTTCCAGGAGTTTTCAACACAATGGGGCTCACTCTCGATCATCA,392,RF00030
URS0000C3582A_694068,694068,Fomitiporia mediterranea MF3/22 RNase MRP,RNase_MRP_RNA,SO:0000385,Rfam,.((((((((((..((((((..(((((((.........(((((((...))))))).......)))))))....................(....)...............................................................................................................................................................................................................................................................)))))).((((((.......))))))....................)))))))))),ACGCCGACTAAAGGATCGCTATCGCAGCACACATACAGAGGTACTCTCTACCTTTTCTTCTGCTGTGGGGAAAGTCTCCGGAGGTTTGCAGAGGGTCAACACTTGCCTTCACCATGCTTGGGAAAGCCTTCGTCTTCAAGCATGACGAATTATGGGGCCGGTTTGCGGGGTCAGATTTGTTCGCAACTGTTGTCTAATGTCATTAGACGTTGTTGGACTCCTGCCTGCACCCTCTGCACGTCGGTCCGGGTATGTCTGGGAATGGCAGGGCGAAGATATGAGCACTGTCGTTTTTATTAACTAGACAGCCGTAAGAGGTCGACACTTGGTTGCTCATGAACGTAGTTATGCGGTCCCGAGACCCGCAAGGGCTTGGAACACAATGGGGCTTACTCTTGGTCGGCG,405,RF00030
URS000064ED24_30611,30611,Otolemur garnettii (small-eared galago) RNase MRP (ENSOGAG00000021831.2),RNase_MRP_RNA,SO:0000385,"Ensembl,Rfam,RiboCentre",.((((((((((..((((((..(((((((........(((((((.)))))))........)))))))...................((((.....))))((((((....)))))).(((...((((((...((((..........((((......((((...))))...))))..)))).)))))).)))......................)))))).((((((......))))))....................)))))))))),GGTCTTGCTGAAGGCCTGTTTCCTAGGCTACACACGGGGGACAGGTTCCTTGTTCTTCTGCGTAGGGGACAGTCCCCGGACCTCGGGCAGAGAGTGCCACGTGCACGCGCACGTAGATATCCCTCCGTTTCTCATTGTTCAAACCCGCCGAGAAGCGGTTCTCGCCCAGGAGCGTGGCGCGGAGGCGTCGTCTGTCAGCTCAACTAGTTACCCGGGCAGTGCGTGCCTTAGTGCACCAACCCCGTGGGGCTCCTTCTCAGCACGGC,266,RF00030
URS0000DB361C_1974281,1974281,Rachicladosporium sp. CCFEE 5018 RNase MRP,RNase_MRP_RNA,SO:0000385,Rfam,.((((((((((..((((((..(((((((.........(((((((....)))))))...........)))))).).............................((((....))))............................................................................................................................................................................................(((...((((.......((((.....................((...)).....))))......)))).))).............................)))))).((((((.............................................))))))....................)))).)))))),TCCCCGCCCAACAATTCGCAGTCGAAGCTCACATACAGACAGTCACTTGGCAGTCATCAACACACAGCTTTGGGAGAAAGTCCCCGGACGCTTCAATAGCAAATGCTGAAAAGCGCCGCCACAGAAGCACATGCGGCTCACCTCGGCCGACCTCCATCCCTCATCACACCCTGCTTTGTCGTCTGCACTCTTGCTTCGAGGCTTGTCAGCTCGGATCTACCATGCCCTGAGACCGGTGCTTCGGTGCTGCCCTTCACGAGGAGACGATGATATGAGTCTGCGCTCCTGGCGTGCTGATCTCGCTGCCGGCCTGCTGACATCCACGAGGAGACATGACAGGTACTGTGGTGAGCAAGTTGGACCCAAGCTGGCGCAGAGGGCCATTCGTCAAGATCGATAGTTATGCGAATGCCTGACCGACCTCTCCGAACGCGCTTCACTCGACTTGCAAACGGAGATAAATTCAGGTTACTCGATGGGGCTTATTCTTGATGCGAGG,499,RF00030
URS0000D88C88_1519565,1519565,Fistulifera solaris RNase_MRP ribozyme sequence,RNase_MRP_RNA,SO:0000385,"Rfam,RiboCentre",.((((((((((.......((...((((((................................................))))))....................((((.....))))((((((....)))))).(((...((((((...((((((((......((((...))))......)))).....)))).))))))..)))...................)).....................)))).)))))),ATTTGAGGTAGGCGCTGCGGTGTTCGAGGAGCGCCCCGACTTCCGAGTCCGAGGGCACGCCAATTTATTGGCAGGCTTCTTGGGGAAATTCCCCGGACGTAACGACAGAGAGTGTCACCTCCGCAAGGAGGATCCCCACGCGAGGCTGCGGAATGCGACGATGTCATTCTGATGAAGGAGCGTTATCTGACGGCCTCGCGTGGGCCGTCCAAGCAAAGTTATGCCATAACTCAACGGGGATTACGACTACCTTCGAG,257,RF00030
URS0000C8A810_5454,5454,Ascochyta rabiei RNase_MRP ribozyme sequence,RNase_MRP_RNA,SO:0000385,"Rfam,RiboCentre",.((((((((((..((((((..((((((.........(((((((....)))).))).....))))))..................................................................................................................................................................................................................................(((...)))...............................................)))))).((((((..........................))))))....................)))).)))))),TCCTCGCTCCAAGAATCGCAACGAAGCACACGCACAGAGTGCCCTCGGGCATCTCGCTCAGCTTTGGGAGAAAGTCCCCGGACATCGGTCCTCTGGATCGCACTTTCAGCAACGAACCGCCATAGAAGCGCGGCCTCGTACCACTACGGCGCTTCTCACTCTCTCTTCCGTTTGTACTCTTTGCCTGGGCTTTCTCGACGCTACGGGTGGAGGAGCTGGTGCCTGGGCGATGATATGAGCCCGCTGGTCACCTTGCCCGTCGCCGACGGATCGACGAGGGCTCAGAGGAGGGGGGAGATGCCGGGTTGTGCTGGGTATCGAGGGTTTTCTCGTCCAGTTTATGGTCATGCGATTGCTTCTGCGCGTCTCGGTAATACGGGACGGCGGCAGGAGTAACTCAATGGGGCTTATTCTTGACGCGAGG,424,RF00030
URS0000C32EBF_1214573,1214573,Diaporthe ampelina RNase_MRP ribozyme sequence,RNase_MRP_RNA,SO:0000385,"Rfam,RiboCentre",.((((((((((..((((((..(((((((........(((((((........)))))))...........)))))).)......................................((((....))))...............................................................................................................................................................................................................................................(((....))).....................................................)))))).((((((................))))))....................)))).)))))),CCCTCGCCCAACAAATCGCCATCGAAGCTTCAAACGGAGACATTCTTCGGGATGTCTCAGAAACACTTTGCTTCGGGAGAAAGTCCCCGGACAGTCTTCCTTTTCGGAGGGAGAATGCCGAAAGGCGCCGCCATAGAAGCACCACGCGGCTGATCTCTGCTCTCCCCTGTTCCCTTGTCTGGCTTGCCTGCCCTGCCTCGCCGCTACATCTTCCTGGTTCTGCGCCCACGGGGTTACAAGCACCGGTGTGCCTGGTTCGATGTGTCACATGGACGAAGATATGAGTCCGACGCGCAGAGCCAGGCCCTGCCTGTTTTGGGCTCCTGGGCGCGGCCGTTCGATGGCGGGGCGGACGTGATGTGCGGCCTAGTGCTGGGGGCGTTTCGTGGGGAAGGCTTGAGAACGTTTTCGTCGAGATATCACAGGTATGCGATTGCCCCATGCCAGGCTCTGTCTGGCTGGGTTTACTCGATGGGGCTCATTCTTGGTGCGAGG,495,RF00030
URS0000D9ECED_767769,767769,Aspergillus brasiliensis CBS 101740 RNase MRP,RNase_MRP_RNA,SO:0000385,Rfam,.((((((((((..((((((..(((((((.........(((((((..............)))))))............)))))).)...........................................................((((....)))).....................................................................................................................((...)).....................................................)))))).((((((...............................................................................................))))))....................)))).)))))),TCCTCGTTCAAAGAATCGCATTCAAAGCTCACACACAGAGAGAAAGTCGTCATGACTCTTCTCTCTCTCCATACCTAGCTTTGGGAGAAAGTCCCCGGACACCCTGACTGTTTAAACGTCCTCTTGCAGGGCCCAGTCAGGCAATGCGGAAACGCGCCGCCATAGAAGCAATTCGATAGCGGCTTATACGCCCTATTCCCCTCCCAGTGTTGTCTCCTGTACCCGAACACTCTGCCCCTTCGGGGTCTCTGTGGAAAACAATGGTTGGTGCAGGGCAGTGCTGGAGAGGTGGGTTTTTATTTGGGTTGCCTTTCGTCGTGTTTGGATAGTCATGCGATTGCCCCCCATTTTTATTTCTCTTCTGGGTTTTCCGTTCATCTGGAGGTGAATGTGAACAGACCTTCTTTGGCTGAAAAGTCGGGAAGGATTAGTTGGGAAATTGGGGGGTACCTCAATGGGGCTCATTCTTGAGACGAGG,478,RF00030
URS0000C40692_1432141,1432141,Rhizophagus irregularis DAOM 197198w RNase MRP,RNase_MRP_RNA,SO:0000385,Rfam,.((((((((((..((((((..(((((((..........(((((((.............)))))))..........)))))))...................((((.....))))((((((........)))))).((((((..((...............((((......((((...))))...))))...))...))))))............................)))))).((((((...................))))))....................)))))))))),GAGCACCTTAAAGAATCGCTATCAAAGTAACACAAACGGAGCATTAATCCTCGGATTACTAGCTCTTTTATTATTACTTTGGGGAAAGTCCTCGGACACATGACAGAAAGTGTCGCCTATAATGAGGTATAACCAATTCGCACTTCATGGCCTTCTTTATGATCGAAGAAGAGTTCTTACTCGAGATTGGGAGGTCGCGAATTTGGTTTTGTTGGTCATAGCACAGTTATGCGATTGTAACTTCTTTCCGTAAAAAAGAAAAAGGTTATAACACAACGGGGCTTACTCTTAGGGTGTT,298,RF00030
URS000071C324_61853,61853,Nomascus leucogenys (Northern white-cheeked gibbon) RNase MRP (ENSNLEG00000021420.2),RNase_MRP_RNA,SO:0000385,"Ensembl,Rfam,RiboCentre",.((((((((((..((((((..(((((((........(((((((..)))))))........)))))))...................((((.....))))((((((....)))))).(((...((((((...((((........((((......((((...))))...)))).)))).)))))).))).......................)))))).((((((....))))))....................)))))))))),GGTCGTGCTGAAGGCCTGTATCCTAGGCTACACACTGTGGACTCTGTTCCTCTTCTTTCCGCCTAGGGGAAAGTCCCCGGACCACGGGCAGAGAGTGCCGCGTGTCTACGCACGTAAACGTTCCCCGCTTCCCACTCCAAAGTCCGCCAAGAAGCGCATCCCGCTGAGCGGCGTGGTGCGGGGGCGTCGTCCGTCAGCTCTTCTAGTTACGCAGGCAGTGCGTCTCCGCGCACCAACCACACGGGGCTCATTCTCAGCGCGGC,263,RF00030
URS0000C1C798_990121,990121,Trichinella patagoniensis RNase_MRP ribozyme sequence,RNase_MRP_RNA,SO:0000385,"Rfam,RiboCentre",.((((((((((..((((((..(((((((.........(((.))).........)))))))....................((((.....))))((......)).(((...((((((...((((((((......)))).)))).)))))).))).................................))))))........................)))))))))),TGCTGCCAGGGAGGATTGCTTACGAGACTACTAAAGAGCTTTGCTTTACAATTGTCTTGGGGAAAGTCCCTGGGCTAAAAGCTTGAAAGAAGCACCCGTAAGAAGGTCAGCTGCACTGGCGTCCGGTTAATTCACTGTGACGAATGGAGTACTGGATCAGTGCAGTCATAGCCGTAACATAGAAATGCAATCTATGAAACAAAACAGGGCTTATTCCTCTGACAGC,226,RF00030
URS0000D9948F_9014,9014,Colinus virginianus RNase_MRP ribozyme sequence,RNase_MRP_RNA,SO:0000385,"Rfam,RiboCentre",.((((((((((..((((((.(((((((..........(((((((......................))))))).......)))))))....................((((.....)))).((((.....))))...............................................................................................................................................((((...))))...............................................)))))).((((((......))))))....................)))).)))))),GGAGCACCCAGCCAGGTGCGTCATAGTGTCCCAGCGAGAGGAGCTTTCCAATTCCGGTTGTTGAGAGCACCTCCTTACGAGCTATGGGGAAAGTCTCCGTGCCTTGGAGTCGAGAGGACTAACGAGCATCTCGTGGACGCCTCTCAGTTCTGCTGCCCTGGAACGATCCGTTCGTCCTCTTCTTGTGACTGACTTGCGCGGCCGCGAGGACGCGTGAGGAAGGAGACGGAAGATGCAGCAGCTGGAGGTTAATCGCAGTTGCCTGTCCTGGACGTGCGTGCGTGGTACGCGCTACACCAACCGGGAGCTCGTGGCCCAACAAGGCGTGAGTTCATGCAGCTGGTGGGAAGTATTTCCCACAAACAGAATGGAGCTTATGTCTGGGGTGTTC,391,RF00030
URS0000C1564F_5627,5627,Grifola frondosa RNase_MRP ribozyme sequence,RNase_MRP_RNA,SO:0000385,"Rfam,RiboCentre",.((((((((((..((((((..(((((((.........(((((((...))))))).......)))))))...........................................((.....))............................................................................................................((((((.((((.................((((..........(...)......))))......)))).))))))................................))))))((((((........))))))....................)))))))))),GCGCCGTCCGAAGAACCGCTATCGCAGCACACGCACAGGGAGCTTTTTGCTCTCTTTCTTCGCTGTGGGGAAAGTCCCCGGAGATGCAGAATATGTCCTCGTCCAGCTTTGCGGAAAGCGACCGACTCCAAGTACGACGGAACCGGACGAGGATCACGGGAAACATCTGCTCGGGTCTGTCTTGACAAGAAACGTAGCTTGTTCTCGCTCTTCTGCTGTGCAGTTCACGTGTCGACCGCTCGGTGAAGGCGTCGAGGTGCGAAGATACGAGCACTTCGATTGCTCGGGTGGTTGGTACGTGGTTGTACAATTCGTTGCTCATAGATACAGTTATGCGGTTGTGGATTCCTTCGGGTCCATGAACGGAATGGGGCTTACTCTCGTTCGGCG,390,RF00030
URS0000C24DE6_225400,225400,Myotis davidii RNase_MRP ribozyme sequence,RNase_MRP_RNA,SO:0000385,"Rfam,RiboCentre",.((((((((((..((((((..(((((((........(((((((..)))))))......)))))))...................((((.....))))((((((....)))))).(((...((((((.((((.........((((...................(((...)))....)))).)))).))))))...)))......................)))))).((((((....))))))....................)))))))))),GTTCGCGCTGAAGGCCTGTTGCCTAGGCTACAGACGGAGGACTCGGTTCCTCATTTGCGCCTAGGGGAAAGTCCCCGGATCTCTGGCAGAGAGTGCCGCGTGCGCATGCACGTAGACCTCCCCCGCTTCTCCTTGTCAATCCGCCAAGAAGCGAACCCGTTAGGCGGGGGAGCCGAGCGGTGTGCGGCGGGGGGCGTCATCCGTCATCTCCTCTAGTTACGCAGGCGGTGCGTCTTGGCGCACTAACCACACGGGGCTCATTCTCAGCGCGGC,273,RF00030
URS0000C09CE2_192259,192259,Genlisea aurea RNase_MRP ribozyme sequence,RNase_MRP_RNA,SO:0000385,"Rfam,RiboCentre",.((((((((((..((((((.(((((((.....)))))))....................((((.....))))((((((........................)))))).(((..((((((...((((...((((..................((((...))))......))))....)))).)))))).))).......................))))))((((((...........))))))....................)))))))))),TACCTATGGCATGAAGAGGATGGATCATCGGATGATTCAGGAAAGTCCCCGGGCCACGTCGCAGAAAATGCGTCTCTCTCATTTTCATAAGATGGAGAAAGGGAGAGAATTTTATGATTCTCATTTCTTCGGGTTACGAGGCTGAGACCAGTGTGGAGCCGACGAAATAACCTTGACGGGATGAATTATGAATTTGGCCGAGAAATAACAGTCACTCTCTCTAGCCCAGTTAGAGTCTGGGTTACAACAGAACGGGGCTTACTATTCCATAGGT,274,RF00030
URS0000D7C6DB_1835702,1835702,Penicillium arizonense RNase_MRP ribozyme sequence,RNase_MRP_RNA,SO:0000385,"Rfam,RiboCentre",.((((((((((..((((((..(((((((..........(((((((.))))))).........)))))).).....................()((((((.....))))))..........................................................................................................................................................((..))............................................)))))).((((((..........................))))))....................)))).)))))),TCCTCGCTCAAAGAATCGCATTCAAAGCTCACACACAAAAGGATTTACTCCTTTTCAAACTTGCTTTGGGAGAAAGTCCCCGGACACCCTGCGCTTTGGTTCCGCCAAAGTCCTAAGCAGGCATTGCGGAAACGCGCCGCCATAGAAGCAATTCGATAGCGGCTGACTGCCCTACTCCCTCCCAGCACTCCGCACCACCCGACGGTTACATGTCACAATGTCTCTGGAAAGAATGGGGTGTGTGTTGGGTGTTGGAGAGGGGAAGGATTTGGTTCCTTGTATTGGGTTGCCTTTCGTCATGTTCGGATAGTCATGCGATTGCCCTTTTCATCTGCTTCCGTTTGGTTGTGGGTGGAGGGTAACTCAATGGGGCTCATTCTTGAGGCGAGG,390,RF00030
URS0000C13A97_857566,857566,Nadsonia fulvescens var. elongata DSM 6958 RNase MRP,RNase_MRP_RNA,SO:0000385,Rfam,.((((((((((....((((((..(((((((.........(((((((.....)))))))........)))))))..................((((....))))..................................................................................................................................................................................................................................................................(((...((((((...((((.......((((.....)))).)))).)))))).)))........................)))))).((((((.......................)))))).....................)))))))))),AAGTCTTATACTAAGAATTGCTTTCGAAGCTTACAAACGAACTAGAACTTATTTGGTTATCATATTGCTTTGGGGAAAGTCTCCGGTCAAAAGCGGAAACGTATTGAGTTCATTCTACTCTTTGAGTTACTGAAATTACGACTTGGTTATGAAATTAGTGATTCAATGACATGCAGTGATGAAGACGTTTTTGACTGTTTATTTTATGTTGCTTCCTTTGTATAACGAAGCCTGTGACTATCGTTTACGATTTTTACTGTTATCGTTAGATAAAGCATAATTTAATCAACAGAATTATTTTCTTTCGACTTTAGTTGATCATTGCTTGGAAGCGGTTGTCTAATTTTGTTTCCTATAAGTAGTGTTTTCATTGACTTCGTTCTTTCGGGAATAAGTTTTCGACGTTGAGTGTTCATTGAACGCACTCAGACGATAGTTATGCAATTGCCTCGTAGATATTATACTTGTATTATATCTCTTGGTACCACAATGGAGCTTACTTGGTATAAGACT,513,RF00030
URS0000C55DCE_9218,9218,Phoenicopterus ruber ruber RNase MRP,RNase_MRP_RNA,SO:0000385,Rfam,.((((((((((..((((((..(((((((........(((((((...)))))))...............)))))))...................((((.....))))((((((.....)))))).(((...((((((.((((........((((......((((..))))...)))).)))))))))).)))......................)))))).((((((..))))))....................)))))))))),GGATGCTCTGAAGACCTGCTCGCTAGGCCACGCACGGAGGACACTGGCTCCTCATGGGCCCCGCGCCCGCCTAGGGAAAAGTCCCCGGACTGCTGGCAGAGAGTGGCAGGCGCTGCTGGCGCCCTCGCCCGCCCCCACCTCACACATTCCCCACGGAGATGCCCCCAGGCCGAGTGGGTGAGCACAGGCGGGCTCTCCATGCAGCCACAGACACACAGGTAGTGCGCAGGCACACCAACAGAACAGGGCTCACTCTCAGGGTATC,265,RF00030
URS00006485EA_630390,630390,Puccinia triticina 1-1 BBBD Race 1 rNase MRP,RNase_MRP_RNA,SO:0000385,"Ensembl Fungi,Rfam",.((((((((((..((((((......(((((((.......(((((((..))))))).........)))))).).....................(((((.........))))).(((...(.((((...((((............)))).))))).))).......................)))))).((((((....))))))....................)))))))))),CAAGCAAGCCAAGGACCATATGTTTTTTGTGTTACACTTTCAGCATCTAAGCTTATTATATTCAACACAAGGAGAAAGTCCCCGGAAAAAAAATATCTTCTGTCCAATGATTAAAGATTAGGGCAGTGGGGTATTTAGTAAAGCAACTTTGTTTGTTTGTTTTTTTCATAATAAAAGTAATATGGTCACCCTATAATAATGGGGCAACTTAATGGGGCTTACTCTGGCTTGTTT,234,RF00030
URS0000C37EFD_984487,984487,Candida tanzawaensis NRRL Y-17324 RNase MRP,RNase_MRP_RNA,SO:0000385,Rfam,.((((((((((..((((((..(((((((.........(((((..)))))......)))))))....................((((....))))((((((......))))))...............................................................................................................(((...((((((...((((...................((((.................................................((((...))))...))))...)))).)))))).))).......................)))))).(((((....)))))....................)))).)))))),TTCATGGCCAAAGATTAGTTGTCGAAGCTTACACAAGGATCATACGATCACCAATGCTTTGGGGAAAGTCTCCGGCCAATTTTGCGGAAACGTAATGCTTTCACGAAATCATTTGAACTTCGGATTGGCCATGGCCATCCTATCGACTCAGTGAGCTACCTCTGCCACGAATGGATCCTCCTGCTAACTCGTTTTGAGTCTCGTCTTCAAGTGAAGCTCTGGCAGCTGCCCATTTTGTTGGTGGATGTGTGGGCTTGTTGGGTACGGACAAGCCACGGCGGGTTCTTGGTTCACTCTCCCAGTTTGGTATATTCCATGACTGGTGTTAGTTTTCTGTCGGCAATGGGGTTTTGTATCCTAAACGAAAGATATCACTAATGATCGCGTCAGCGGTCAACTCAATGGAGCTTACTCTTGGTCCATGA,425,RF00030
URS0000665453_1064592,1064592,Naumovozyma castellii CBS 4309 RNase MRP,RNase_MRP_RNA,SO:0000385,Rfam,.(((((.(((((..((((((......(((((((..........(((((((..))))))).......))))))).........................((((.....)))).........................................................................................((((.))))...............................................)))))).((((((............)))))).......................)))))..))))),ATCCATAGCCGAAGAATCGTCACTAATCGAAGCTTACAAAATGGAATCTTTATTGATTCATCCAATGCTTTGGGTAGAAAGTCTCCCACCAATTCATATGCGGAAAACGTAATAAGATTTAAAAATTTTAAATTGTTTAAATCAACTTATTAAGAAAGTTTTACATTTTCTTCTAGACCTAGGATGTCTTTGCATGTCCTGGTGTTATCTTCGGTACTGAGATCGAAAGTTATTTGGATCTTAAACGATAGTCATGACGATTGCTTTTCCTTTTTAACAAGGTAAAGTAACCCAATGGAGCTTACTATTCTTGGCTCATGGA,322,RF00030
URS000067A4FD_660025,660025,Fusarium oxysporum Fo5176 RNase MRP,RNase_MRP_RNA,SO:0000385,Rfam,.((((((((((..((((((...(((((((.........(((((((..............)))))))............)))))).)...................................((((....)))).....................................................................................................................................................................................................................(())..................................................)))))).((((((....))))))....................)))).)))))),CCCTCGCTCAAAAAATCGCCATTCGAAGCTTACAAACAGAGACATTGCGATTTATCGCAGCGTCTCGCATTCTTTCTGGCTTTGGGAGAAAGTCCCCGGACATCTTCGTTTCGACGGAGCTTGCGGAAACGCGCCGCCATAGAAGCACAGCGGCTGACTTCTGCACCCAGGCCCGCGTCCTGCACCGGCCCTGCCCTCCGCTACATCAGTTTGTTAAAGGCTCTGAATCGCGTTCTCTGCCGCTATCGGTCCCCTTGGATGAAGATATGAGTCCGCTGCCGAGAGATTGGTTGGTTTCGCGACAGACGAGTCGTCTGGCAGGTTGATGGTTGGTAGACGCTTGGTGCTCGCGCGTGTGGTATCGGGTCGCAGAGGATTTGTTGTCGAGATTGATAGGTATGCGATTGCTCGGCGAAAGCTGGGTTACTCGATGGGGCTCATTCTTGATGCGAGG,454,RF00030
URS0000C482E0_1284197,1284197,Dactylellina haptotyla CBS 200.50 RNase MRP,RNase_MRP_RNA,SO:0000385,Rfam,.((((((((((..((((((..(((((((........(((((((.....................)))))))..............)))))).).............................................................................................................................................................((((((...((((((((...............................((((...))))...)))).)))).)))))).................................................)))))).((((((...................))))))....................)))).)))))),TCCTCGCTCAAACAATCGCTATCGAAGCTACATACGGACCGGAAGGAGGACGTCCAATCCCCCTTCCGTTCACATTATACAGAATGCTTTGGGAGAAAGTCCCCGGACGTATCGAGGAAAGGAAAAGTCAGAAAAACTTTCTCTTGTCTTCGCAGTTGAAAAACACCGACATAGAAGCTTCTTTCCATTCGGTTCATCTTGCAGCATTATAAAACAATCCACCCGTCCTTCTTGACTCTATACTCTCTTTCCTTACGCGTCTCTCGCCGAAAGGTTTTGATATTGCAGACCGTGGAGGAGAGTGAGTTTTGAGGGGTGGGAATTGGGGCTCACGCCCTGGTGCTGTTTATAATATTCGTCAGAGATTGGATAGTTATGCGATTGCCCTGTACTCTCTCTTCTGGAGGGTATGGGGTGACTCGATGGGGCTTATTCTTGAGGCGAGG,446,RF00030
URS0000C26F7C_1420915,1420915,Pseudogymnoascus sp. VKM F-4520 (FW-2644) RNase MRP,RNase_MRP_RNA,SO:0000385,Rfam,.((((((((((..((((((..(((((((.........(((((((...........))))))).................)))))).)......................................((((....))))((((............))))..........................((((.........................................................................................................................................................................)))).......................................)))))).((((((.......................))))))....................)))).)))))),TCCTCGTTCAAAGGATCGCAGTCGAAGCACACAAACGGAGCAGACCTCGTGTCTCTCAGCTCATCATGGGCTAGTCAATGCTTTGGGAGAAAGTCCCCGGACGACCTTTACCTCGTGTAAAGGAACGCGGAAACGCGCCGCCATAGAAGCACTGCGGCTTCTTTCTCCTCTCCTACCTTTCTCAGGCCGACCTTCGTCGCTGCTTGTACTCGCTTTCTGCGCATTTGATTGCTGCTTCTGGGGGATGGGGAGACCATATGGATGAAGATATGAGTCCGAGCTCTCCTGATCTCAGCTGCGGTAGAGCATATGCAACGACTGCGGGGAGGCGGGGAAGTACCTTCGGTCGGAGTTGGGGCTTATGGGAGAGGGGAGGCTTTCGTCGAGAGTGATAGTTATGCGATTGCTCCCTTGGCCTGCCTCACGGTTGGTTCGGGGGGGTAACTCGATGGGGCTTATTCTTGAGACGAGG,472,RF00030
URS0000DAE87A_4096,4096,Nicotiana sylvestris RNase_MRP ribozyme sequence,RNase_MRP_RNA,SO:0000385,"Rfam,RiboCentre",.((((((((((..((((((....(.............................)........................((((....))))((((((....))))))......................(((...((((((...((((((((.......((((...))))...))))....)))).)))))).)))...................)))))).((((((........))))))....................)))))))))),TGACTGCAAGACGACGTGAATGGGCTTGGGCCTGCTCTTTGAGCGGGTCAGGACCCAGGAAAGTCCCCGGGTCGTTTCTGCAGAGATGCAGGCTCGGAAACGGGTTAGCTTCACGGGCTTAGGAGTTCAATCTTACACTTGTGAGATGGGCAGAGACGAGGTGGAGCCTTATGGACTCCTACCGGAAGCGTTATTGGCCGATGATTACAGTTATTCACGTGGTTCAGTCTATAAACTGGACTAACTGAACGGGGCTTATGTTCTTGCAGTC,271,RF00030
URS0000DB5228_34690,34690,Anopheles melas RNase_MRP ribozyme sequence,RNase_MRP_RNA,SO:0000385,"Rfam,RiboCentre",.((((((((((..((((((..(((((((.......(((((((.)))))))........................)))))))...................((((.....))))((((((.....)))))).(((...(((.(((...(((.......((((...))))...))).........)))))).))).......................)))))).......((((((...............))))))....................)))))))))),TGGTTCTTCCTAGCTCAACTCTCGTGGTTCCATACGAGCTGTCATAGCTCACTCGTTGCTTCACACCGAAGCATGCCATGGGAAAAGTCCCCGGGCCCCGGGCAGAAAGTGTCAGGACGTGACTCGTCCCGCTTGTCACACAGTCAGAAGTGGAGGGGGTTCAAATCTCTCCCTTGGCTTAGACATTGTGCAAACTTGCCAGATATTTACAGTTATGTTGAGGGACTCAGGGAGGGGGTACATCTCCCTTCCTCTCTCACACAATGGGGCTTACTCAGAAAGAACT,286,RF00030
URS0000C7CA5A_888268,888268,Dichanthelium oligosanthes RNase_MRP ribozyme sequence,RNase_MRP_RNA,SO:0000385,"Rfam,RiboCentre",..........................................................................((((....))))((((((......)))))).......................................(.....)..................................................((((((.........))))))..............................,CAGCCACAGGATGAAGTGAGCGGGCCTAACCAGCCCTGGAAAGTCCCCGGGCCCCCTCTGCGCAGCGATGCGCCCACGGAGACGTGGACGGCCCACGAGCTGCCTCTCTTTCCATCAATGGGGTGCTGAGACTGTCCCCAGCGGTGTCTGTATATTGCATCCCTGTTCACGTACGACACGATACATGCCTAATTCACTTGGTCCGCTATATATTCCTGGACTAACAGAACGGGGCTTACACTCCTGTGGCC,251,RF00030
URS0000645498_294747,294747,Candida tropicalis MYA-3404 RNase MRP,RNase_MRP_RNA,SO:0000385,Rfam,.(((((...(((((..((((((..(((((((.........(((((((..))))))).............)))))))....................((((....))))((((((.........)))))).............................................................................................................................................................)))))).((((((...........))))))....................))))).....))))),ACGTCCATGATCAAAGATTTGTTATCAAAGCTTACAAAAAGACATCATTGTATGTCAAATTATTCGAATGCTTTGGGGAAAGTCTCCTGTCATAATAGCGGAAACGCGATGGATTAAAACCCCATCTAAAAATGACTTTGTCTTTTTTTTTTTTCTAAATCCTAAATTGGTTTTTTTAATTCCTTTTTAGATTTGTTTGAAAAGAATTGTGTTTCTTTGAAACATGATTTGTTTTATTTTCGACAATGGGGGCTTTATTTATTATGTGTCCTAAACGAAAGATATAACAAATGATTATCATTTTTTTTTTGATAATTAACTCAATGGAGCTTATTCTTGATCTTATGGACG,351,RF00030
URS0000C45084_573508,573508,Aspergillus cristatus RNase_MRP ribozyme sequence,RNase_MRP_RNA,SO:0000385,"Rfam,RiboCentre",.((((((((((..((((((..(((((((.........(((((((....)))))))....................)))))).)................................................((((....)))).....(.........)........(((..((((((...((((((((...................................................((((...))))...)))).)))).)))))).))).......................)))))).((((((.........))))))....................)))).)))))),TCCTCGCTCAAAGAATCGCATTCAAAGCTTACACACAAGATATCTTTCGATATCTTTTTCCTTTACGGAAAACCAGCTTTGGGAGAAAGTCCCCGGACACCCTGACCATTTCTTCGGAATGGACCAGGCAATGCGGAAACGCGCCGCCATAGAAGCAATTCGATAGCGGCTTATACGCCCTATTCCCTCCCAGTGCCTCAGTCTATGCTCGACGCCGTCAGGTGGTAACAATGGTGGTATAGCTGGGTGTTGGAGAGGGGTTTATTGGGTTGCCATTCGTCGTGGTTGGATAGTTATGCGATTGCTCTTCTCATTTCTGAGGGAGTAACTCAATGGGGCTCATTCTTGAGGCGAGG,356,RF00030
URS0000C4EF7E_54374,54374,Mesitornis unicolor RNase_MRP ribozyme sequence,RNase_MRP_RNA,SO:0000385,"Rfam,RiboCentre",(((((((...)))))))..........................................((((.....))))((((((.....)))))).......(((...((((((...((((((((......((((..))))...)))).)))).)))))).))).............................((((((..))))))..............................,GAGGACGCTAGTTCCTCACGGGCCGTTGGGCCCGCCTAGGGGAAAGTCCCCGGACCGCTGGCAGAGAGTGCCGGGCGCTGCAAGCGCCCTTGCTCGTCCCCACCTCACGCAGTCACTGCCGAGACGCCCCCAGGCTGAGCGGGTGAGCGCGGGGCGGGCTCTCGTCACGGCCACAGACCCGCAGGGAGTGCGCAGGCGCACTTACAAAACGGGGCTCACTCTCAGGCCATC,231,RF00030
URS0000659D21_630390,630390,Puccinia triticina 1-1 BBBD Race 1 rNase MRP,RNase_MRP_RNA,SO:0000385,"Ensembl Fungi,Rfam",.((((((((((..((((((......(((((((.......(((((((..))))))).........)))))).)......................((((((.......)))))).(((...((.((((...((((.........)))).)))))).)))......................)))))).(((((.....)))))....................)))))))))),CAAGCAAGCCAAGGACCATATGTTTTTTGTGTTACACTTTCAGCATCTAAGCTTATTATATTCAACACAAGGAGAAAGTCCCCGGAAAACAAAATATCTTCTGTCCAATGATTAAAGATTAGGGCAGTGGGTATTTAGTAAAGCAACTTTGTTTGTTTGTTTTTTCATAATAAAAGTAATATGGTCACCTATAATAATGGGGCAACTTAATGGGGCTTACTCTGGCTTGTTG,232,RF00030
URS00006BB2F6_630390,630390,Puccinia triticina 1-1 BBBD Race 1 rNase MRP,RNase_MRP_RNA,SO:0000385,"Ensembl Fungi,Rfam",.((((((((((..((((((......(((((((.......(((((((..))))))).........)))))).)......................(((((.......)))))..(((...((((((.......................)))))).)))......................)))))).((((((....))))))....................)))))))))),CAAGCAAGCCAAGGACCATATGTTTTTTGTGTTACACTTTCAGCATCTAAGCTTATTATATTCAACACAAGGAGAAAGTCCCCGGAAAACAAATATCTTCTGTCCAATGATTAAAGATTAGGGCAGTGGGGTATTTAGTAAAGCAACTTTGTTTGTTGTTTTTTTCATAATAAAAGTAATATGGTCACCCTATAATAATGGGGCAACTTAATGGGGCTTACTCTGGCTTGTTT,233,RF00030
URS00006AC066_556484,556484,Phaeodactylum tricornutum CCAP 1055/1 RNase MRP,RNase_MRP_RNA,SO:0000385,Rfam,.((((((((((..(....(((..(((((((...................................)))))))....................((((.....))))((((((....)))))).(((...((((((((((..((((......((..))...)))).)))))))))).))).....................))))........................)))).)))).)),ACTGGAGGTAGAGACCATGGCTTTCGAGGAGCGCCCCGCCTTTTTGAGGCCGAGGGCATGTATGCTTCTTGGGGAAATTCCCCGGACGTAAAGGCAGAGAGTGTCAATTCGGAAACGATTACCTGCCCTTGGTCCGTTTTTGGCTGAGACCGCAAGGGAGCTTTTGCGGGCCGGGTTGCAGCCGTCACAGCAAAGTTATGCTTGCACTAACACAACGGGGATTACTCCTACTCTCATAG,239,RF00030
URS0000C89BA5_3694,3694,Populus trichocarpa RNase_MRP ribozyme sequence,RNase_MRP_RNA,SO:0000385,"Rfam,RiboCentre",.(((((((((...((((((..(...............).......................((((....))))((((((....)))))).(((....((((((........................((((......((((...))))...)))).....)))))).))).......................)))))).((((((........))))))....................))))))))),CCACCGTGAGTTGGAGTGAGTGGGTCGTTACTTGACCCAGGAAAGTCCCCGAGCCCAATTCTGCAGAAATGCAGCCCTGGAAACGGGGTCTCTTCGTGCATCGAGTCTTCCCTGCCTTGCGCAGGGGGGGCTGAGACGCGTGTGGAGCCTTGACCTGATGCCGAAGTAACTTGGCCGAATGTTCTACAGTTATTCACTCGGTTCATATTAGTCTGTGGACCAACAGAACGGGGCTTATGACTCATGGTG,249,RF00030
URS0000C86FA3_944289,944289,Gymnopus luxurians FD-317 M1 RNase MRP,RNase_MRP_RNA,SO:0000385,Rfam,.((((((((((..((((((..(((((((.........(((((((..))))))).......)))))))...............................((((.....))))..............................................................................................................((((((...((((((((......(((..........)))...)))))))).))))))...........................)))))).((((((.......))))))....................)))))))))),TCGCCGTTTGAAGAATCGTTTTCGCAGCTTCCGTACAGAGACTTTGTAGTCTCGTTCTTCGCTGTGGGGAAAGTCCCCGGAGATGCAGAGTTTCCTCGTCCAGTAAATGGAAAGCAGCGTCCCCAAGCACGACGTTCTGGTTCGAGGATGGCTTGAAGCTTTTTAGAGCTTTTGTCTCCCTCGTTCCGACGGAGGGAAAGCTACCTTCTAATGCCGCTCTGTCGACCTCATTCCATGCAAGGACGCAAAGATACGAGCGCAGTGGATGGGATGGTGGTCAATCCGTTGCTCATAGATATAGTTATACGATTGTCGACTTTTCGCAAGTCTTCCACTCAATGGGGCTCACTCTCTTTCGGCG,361,RF00030
URS0000AA6258_7918,7918,Lepisosteus oculatus (Spotted gar) RNase MRP (ENSLOCG00000019585.1),RNase_MRP_RNA,SO:0000385,"Ensembl,Rfam,RiboCentre",.((((((((((..((((((..(((((((........(((((((..)))))))........)))))))...................((((.....)))).((((.....)))).(((....(((.(((((((.......((((......((((..))))...)))).))))))))))..))).......................)))))).((((((.......))))))....................)))))))))),AGGCATTCTGGAGACCTGTCTACTAGGCTACAAGCTGGGAACCCAGTTTCTCCTCCGTGCGCCTAGGGGAAAGTCCCCGGACCCGTGGCAGAGAGTGCCTTTGCGTGAAGCAGCCTGCGGTCTGCACGTCACCACGCCTCAGCTAAGACGTCCTCGGACCGAGCTGGGTGACGTCAGGCTGCACTCGTCATAGCGGTGTAGTAACGCAGGTGGTGTGTACTTCCAGTGCATCAACAGAACGGGGCTCATTCCCAGAATGCC,261,RF00030
URS00009908CA_8364,8364,Xenopus tropicalis (tropical clawed frog) RNase MRP (ENSXETG00000029446.3),RNase_MRP_RNA,SO:0000385,"Ensembl,Rfam,RiboCentre",.((((((((((..((((((..(((((((........(((((((..)))))))...........)))))))...................((((.....))))((((((......)))))).(((...((((((...((((.........((((......((((...))))...))))....)))).)))))).)))......................)))))).((((((......))))))....................)))))))))),AAGCATTCTGAAGACCTGACGTCTAGGCAACGTACGGGGGGCGTAGTTCCCCAATCACATGACGCCTAGGGGAAAGTCCCCGGATCTCGGGCAGAGAGTGCCGTGCGCCACACGGCGTGCAATAATCCCACCCTGCTGTCCGTATCAGCCCGCCAAGAAGCTCCCAGAGCCGAGCGGATTGGACTAGGGCGGGACCTCTCATCAGTCTCCATAGAAACTCAGGTAGCGCGGCAATCTCCTCGCTAACACAACGGGGCTCATTCTCAGAATGCT,273,RF00030
URS000062784F_7238,7238,Drosophila sechellia RNase_MRP ribozyme sequence,RNase_MRP_RNA,SO:0000385,"Rfam,RiboCentre",.((((((((((..((((((..(((((((........(((((((..)))))))..........)))))).)...................((((.....))))...........................................((((.........)))).(((...((((((((((((((......((((.))))...))))..)))))))))).)))............................)))))).((((((...............................................))))))....................)))))))))),TGAGTCTTCCATGCTTGTCTCTCGGGGCCACAAAACGAGTTCCTGGTAACTCCACTGATAATGCCCTGGGCGAAAGTCCCCGGGCCTAGGATAGAAAGTATCTAGGTGTAAAAAGTGCATCCATCATCCTGTGGTGGTGGTGCATTCGCCTATATTCTGCGGAATTTCGCCTGGCGTATGGATGAAGAGGATTTTATCCGAATCCTTACGCGCCAGGTTGTCTGCGGAAATCTGCCAGAGTAAATCTTAGATATGGACGAGTTGGTAGGACTCGCCGGGTTGGTGTTCCACACTTTCTCGGCTGAGAAACCGCCTACACAGAATGGGGCTTACATTGGGAAACTC,345,RF00030
URS0000C19DF1_268475,268475,Trichinella zimbabwensis RNase_MRP ribozyme sequence,RNase_MRP_RNA,SO:0000385,"Rfam,RiboCentre",.((((((((((..((((((..(((((((.........(((((((.))))))).........)))))))....................((((.....))))((((((.......)))))).(((.....((((((...(((..............))).))))))...)))........................))))))........................)))))))))),TGCTGCCAGAGAGGATTGCTTACGAGACTACAAAAGAGCATTCTAGTGATGCTTTGCAATTGTCTTGGGGAAAGTCCCTGGGCTAAATGCTTGAAAAAAGCACCCGTAAGAAGGTCAGCTGCACTGGCGTCCGGTTAGTTCACTGTGACGAATAGGAGTACTGGATCAGTGCAGTCATAGCCGTAACATAGGAATGCAATCTATGAAACAAAACAGGGCTTATTCCTCTGACAGC,235,RF00030
URS0000C3F77F_215358,215358,Larimichthys crocea (large yellow croaker) RNase MRP (ENSLCRG00005018727.1),RNase_MRP_RNA,SO:0000385,"Ensembl,Rfam,RiboCentre",.((((((((((..((((((..(((((((........(((((((.))))))).......)))))))...................((((.....))))((((((....)))))).(((.((((((.....(.......((((......((((....))))...))))....).)))))).)))......................)))))).((((((.....))))))....................)))))))))),GGGCATTCGGAAGGCTTGCACTCTGGGCTACACGCTGAGAACCTGTTTCTCTCCCCCCGCCCAGGGGAAAGTCCCCGGACACCGAGCAGAGAGTGCTCCTGGGTGATCCCAGCGTCGGCCTGCGCTCCACCGCTGTGAAGCTAAGACGTTCACCCGAACAGAGCTTGGTGATCGCTGGTCGGCTTTGTCAGCGTTAATAGTAATGCAAGTGAGCAGTTACTGACGCCGAAACAGAACGGGGCTCATTCTCGGAATGCA,258,RF00030
URS0000C70CA3_71139,71139,Eucalyptus grandis RNase_MRP ribozyme sequence,RNase_MRP_RNA,SO:0000385,"Rfam,RiboCentre",((....(((((..((((((..((((((..(((((((.....)))))))...)))))).......................((((....)))).((((......)))).(((..((((((...((((......((((......((..))...)))).........)))).)))))).)))......................)))))).((((((..........))))))....................)))))..)).,GCGGCATTGAGTGTAGTGAATGGGCCATGGCCTAGCTTTGCGCTAGGATTTGGGCTCAGGAAAGTCCCCGGGCCGTGATCTGCAGAGATGTAGTCTCAAAAACGGGAAGCGACGTTCGAGAGCCGGAGTCCTAGGCTGAGACGCGTGCGGAGCCTCCGTGGACTCTGGCCCGAAGTTGCATTGGCCGACCGTCACAGTCATTCACTAGGCCCATGCATCATCGTATGGGCAAACAGAACGGGGCTTACATTTCAGTGGCT,260,RF00030
URS00006995EE_441375,441375,Cryptosporidium muris RN66 RNase MRP,RNase_MRP_RNA,SO:0000385,Rfam,.((((((((((..((((((..((((((..........(((((((..)))))))........)))))).......................((((.....))))...................................................((((((........)))))).(.......(((.(((...((((.......)))).)))))).......).................................)))))).((((((.........))))))...................)))).)))))),CAGGCAGTCTATGAGTCGTAACGTAGTATTCATACAGGAGGCAATTTAGCCTTCTTTACAAGCTATGGGGAAAGTCCCCGTGTACTTTTAAATCGAAAGGAAAACGTTAATTTGTGGTCCCTCTACATTCTTGAGTATATGAGAGGCATTAAGTTGTTGAATATTCACTCTACAAGTGACCTTGTAGAGTGAAGCTCAAGTTGGGAGCGACTTACAATTGCACATTTCACTGTGTATGAGACCATTAAGCTAATATATGACTAGTATCTAGTAAGATTTGATACAACAGAATGGGGCTTATACTTGATTTGCCT,314,RF00030
URS0000C48C9E_1047168,1047168,Zymoseptoria brevis RNase_MRP ribozyme sequence,RNase_MRP_RNA,SO:0000385,"Rfam,RiboCentre",.((((((((((..((((((..(((((((.........(((((((.....)))).)))...........)))))).).....................................((((....))))..................................................................................................................................................................................................................................(((...((((((...((((..............))))..)))))).)))......................)))))).((((((...................))))))....................)))).)))))),TTCTCGCTCGAAAAATCGCTATCAAAGCTCACACACAGACGAGTCTCGTACTCTGTCAATCACATACAGCTTTGGGAGAAAGTCCCCGGACAACACCTGTCTTCGGTCAGGATTGCGGAAACGCGCCGCCACAGAAGCAATTTTGCGGCTCATTTTGCATCGGCCTCCATCCTCTTCATCTGCCCATGTGCCGTCCGCACTCTCACCCGGAAGCTTCGTCATTCGGACTGCGCCGGATCTGGAGACCGGTCGCTCTCGGGTGACCGCCCTGCGAAGGGAGACGATGATATGAGTCTGCGCTTCTTTCCAGCTGGTCATGCTGTGGTGTTGCCAAAGGGCGAGAGGAGGCCATGGGATTTTGTATGGAGACAAGTTGGGCTCAAGGTCAGTTGCGAGAACATTTCGTCACGGTCAACAGATATGCGATTGCTCACCCTCTTCACTCACGTGCTGAGACGGGTAACTCGATGGGGCTTATTCTCGATGCGAGG,491,RF00030
URS0000697CDC_554065,554065,Chlorella variabilis RNase_MRP ribozyme sequence,RNase_MRP_RNA,SO:0000385,"Rfam,RiboCentre",.((((((((((..((((((.(((((....................................)))).)....................((((.....)))).((((....)))).(((........(((((...((..((((((...))))))......)).))))).)))......................)))))).(((((........................))).))....................)))))))).)),ACGCAGCGCGAAGGGCCACCTCAGCAAACCCTCGCTTCTCGCGCCTCACCAATGCCAAACTGCTGGGCGAAAGTCCCCGGGCACCCAGGCAGAAAGTGCCAACCCGAAAGGGTAGGACCCCCGCTCGCCCCTGCCGTCCGCCTTGGCGGCGGCAGCGTCGGCGGCGGGGCAGCTCGCCATAACCACAGTTATGTGGCCGGCCGCGGCTGTTGCCTTCGGGCGGCAGCCGTGCGTCAACACAACGGGGCTTACTCTCGCGCTGACG,265,RF00030
URS0000C1018A_361077,361077,Dictyostelium lacteum RNase_MRP ribozyme sequence,RNase_MRP_RNA,SO:0000385,"Rfam,RiboCentre",.(((((..(((((..((((.((..(((((((.........(((((((.....................)))))))..............)))))))....................((((.....))))((((.....)..))).(((((((((...((((..((((......((((..............................))))...))))...)))).)))))).)))......................))..)))).((((((.........))))))....................))).)).))))),TTGTGTTACGTGAAGAATTGATCATAGAAGCCAACAAAACGCCTAGTTGCTCTGTCAACTATAAAACAACCAGATTTTCAAATCAAAATGCTTTTGGAAAAGTCCCCAGACCCTAGAACAGAAAGTGTTGCCCGTTAAGGTTATGATCAAGTTTTAGTTCACTCGACAGAGAAGGTATAAGATTCAAGTTTAAGTATTTGTGCTCTCTACCCGAGTCATTGGTGAAATTACTTGGTCACTGGTCACAGTAAAAGTAATATGAAATTAAGAATTTTAAATAAATATTCTCTACAAAATGGGGCTTACTCTCAACGTACACC,320,RF00030
URS000069E166_121224,121224,Pediculus humanus corporis (Human body louse) rNase MRP,RNase_MRP_RNA,SO:0000385,"Ensembl Metazoa,Rfam",.((((((((((..((((((..(((((((........(((((((..)))))))..............)))))))...................((((.....))))...((.....)).(((...((((((...((((((((......((((...))))..........)))).)))).)))))).))).......................)).)))).((((((....))))))....................)))))))))),GGATTCTGATATGCCTTACTGTCTGAGTTACGTACGGTGTACGCGGTTACACACACACACGCTAATGCTCGGTGGAAAGTCTCCGGATCTTATGCAGAGAGTGCAGCAGTGTCAAGCTGTCAGCCTCCAGAATGCGAAACCATTGACGGGACTGCTTCGGCAGGATCTGGTTATCGTACTGGAGGTGCTGATCATTCTCACATTAAGGGATGTTAAGGGCGCCACATATAAGGCGTAACATAACGGGGCTTATTGTATCGGAATT,265,RF00030
URS0000C66408_701091,701091,Bipolaris maydis C5 RNase MRP,RNase_MRP_RNA,SO:0000385,Rfam,.((((((((((..((((((..((((((.........(((((((.............)))))))....))))))..................((((((.....))))))...................................................................................................................................................................((((.(((..............................................)))))))................................)))))).((((((...........................))))))....................)))).)))))),TCCTCGGTCGAAGAATCGCAACGAAGCACACGCACAGAGCGCATTTACGGCGTCTCTTCCCTCCAATGCTTTGGGAGAAAGTCCCCGGACAACGATCTTCACGATCGCACTTTTAGCAACGAACCGCCATAGAAGCTGCGGCTTCCATCACCGACTACGGCACTTCTCCGCATCTCCTCATCGCTTTTACTCGAATTCCACTGGCGTTCTCGACGCTGCGAGTGGAGGGGCTGGCACCTGGATGATGACATGAGTCCGTTGGCTACCTTGCTTGCATGCCGAGGGTCGCAACAGAGAATCGAGGAGTTGGGAGATGATGGACAGTGCTAGGTATGGAGGGTCTTCTCGTCCAGTTTATGGTTATGCGATTGCCTTTCCTGCGCTTTGGTAAAACAAGGTGGGCTGGAGGGTAACTCAATGGGGCTTATTCTCGAGGCGAGG,441,RF00030
URS0000C61B57_149040,149040,Phialocephala scopiformis RNase_MRP ribozyme sequence,RNase_MRP_RNA,SO:0000385,"Rfam,RiboCentre",.((((((((((..((((((..(((((((.........(((((((......))))))).....................)))))).)..................................((((....))))((((((..........)))))).(((((((((((((...((((................................................................................................................................................................((((...))))...))))......)))).)))))).)))......................)))))).((((((....................))))))....................)))).)))))),CTCTCGCTCAAAGAATCGCATTCGAAGCACACAAACAGAGAGATCTTCCGATCTCTCAGCCAGCAATGGCTTCTTCTTGCTTTGGGAGAAAGTCCCCGGACACCCTTTCTTTGAAAGGATTGTGGAAACACGCCGCCATAGAAGCACATTGCGGCTTCTCCAGTACCAATTCCTCTTCGACTCCTCCACCCACATACCGTTTGTACTGCCTTCTTGTCGATCTCTGGACCACGGTCTTAGCTGAGGATACCATATGGATGAAGATATGAGTCCGAGCTCCTTGCGCGACGTCTATTGGGACTTGGTGAGGTGGGATTGTGGGAGGTGTTTGGACTGTTCTTGGATCGTCGAGGATGTTCTGGTCGCTGGAGGCATTTCGTCGAGAACGATAGTTATGCGATTGCCTTTCTCTTGCTGTGCAAACAGTGAGAGGGGTAACTCGATGGGGCTTATTCTTGATGCGAGA,466,RF00030
URS0000C2EC52_3562,3562,Spinacia oleracea RNase_MRP ribozyme sequence,RNase_MRP_RNA,SO:0000385,"Rfam,RiboCentre",.((((((((((...((((((........(((((...................))))).......................((((....))))((((((......))))))...............(((...((((((...((((.......((((......(((())))...))))........)))).)))))).)))........................)))))).(((......)...))....................)))))))))),GGGTTGGAAGGTTGGAGTGAATGGGCCTTGGGCTTGTGTAAAGCAGGTCTTGGCCCAGGAAAGTCCCCGGGCTTATTTTCCACAGAGATGTGGGTCTCGGAAACGAGTATGCTTTACGATGAAGGATTCAGTTTCGCATTCGTGTGAAACGGGGCTGAGACACGTGTGTGGAGCTCATATGAATCTCTTACGGAAGTATTTATGGCCGATTAACTACAGTTATTCACTTGGGACTCCTTTGAACCTAACTGAACGGGGCTTACAACCTTTCAACC,275,RF00030
URS0000C5E4EA_1420909,1420909,Pseudogymnoascus sp. VKM F-4515 (FW-2607) RNase MRP,RNase_MRP_RNA,SO:0000385,Rfam,.((((((((((..((((((..(((((((.........(((((((...........))))))).................)))))).)......................................((((....))))...........................................................................................................................................(((.....((((((...((((.........((((..................................................)))).)))).)))))).)))......................)))))).((((((.......................))))))....................)))).)))))),TCCTCGTTCAAAGGATCGCAGTCGAAGCACACAAACGGAGCAGACCTCGTGTCTCTCAGCCCTTCATGGGCTAGTCAATGCTTTGGGAGAAAGTCCCCGGACGACCTTTACCTCGTGTAAAGGAACGCGGAAACGCGCCGCCATAGAAGCACTGCGGCTTCTTATTTCTCCTCTCCTTCTCTTCTCGGGCCGACCTTCGTCGCTGCTTGTACTCGCTTTCTGCGCATTTGATTGCTGCGGCTGGGGGATGGGGAGACCATATGGATGAAGATATGAGTCTGAGCTCTCCTGATCTCAGCTGCGGTAGAGCATATGCAACGGCTGCGGGGAGGCGGGGAAGTTCCATCGGTCTGCGTTGGGGCTCATGGGAGGGGGGAGGCTTTCGTCGAGAGTGATAGTTATGCGATTGCTCCCTTGGCCTGCCTCACGGTTGGTTCGGGGGGGTAACTCGATGGGGCTTATTCTTGAGACGAGG,475,RF00030
URS0000C1AC63_1276143,1276143,Metarhizium majus ARSEF 297 RNase MRP,RNase_MRP_RNA,SO:0000385,Rfam,.((((((((((..((((((...(((((((.........(((((((.............)))))))...........)))))).).................................((((....)))).....................................................................................................................((((((...((((.((....................................................................................((((...))))...)))))).))))))..........................)))))).((((((..))))))....................)))).)))))),CCCTCGCTCAACAAATCGCCATTCGAAGCTAACGCACAGAGACACCCGGCTTCGGCCAGCGTCTCGTCATTCTATTGCTTTGGGAGAAAGTCCCCGGACGTCTCTCTTCGGGGAGCTTGCGGAAACGCGCCGCCATAGAAGCACTGCGGCTGACCTTTGGCGCCTTGGCCTTCTTCGTGGACCATTCGCCCTACCCGTCGCCACATCCGCGTCTTGCGAGTCTTGCTTTGGAACCTAGTTGCATCTCTCAGCCCCTTTGGATGAAGATATGAGTCCGCGTTGGGATGGTGTGGTTGGGACTTCCGGCGCTAGACGAGCAGGTTCGGATGACGGGTAGCCGTGGGTGACATGGAGTGTGGCATCGGGTACTGAGGATATTTTGTCGAGGTTGATAGGTATGCGATTGCTCGGTTTACCGGGTTACTCGACGGGGCTTATTCTTGAGGCGAGG,451,RF00030
URS000063EF57_88036,88036,Selaginella moellendorffii RNase_MRP ribozyme sequence,RNase_MRP_RNA,SO:0000385,"Ensembl Plants,Rfam,RiboCentre",.((((((((((...((((((.(((((((....)))))).).....................................((((.....)))).((((....)))).(((...((((((((((..............)))))))))).)))......................)))))).(((((())))))....................)))))))))),TTTGGTGGAGAAAGGAGCGCTTCGGTCCATTAGGGCTGAGTGAAAGTCCCCGAGCTTGGTGCTTTGTGACACCAAATGGCAGAGAGTGCCACCTCGAAAGAGGAGAAGCCCGGTTGAGGCCACTGTGGTGTCTCGCCATGGCCGGGTTAGCTGGCTATAGTCCCAGTAATGCGCTTACACACGCGTGTACAACAGAACGGGGCTTACTATCTCCACCAA,219,RF00030
URS0000D9BFB5_37001,37001,Glossina brevipalpis RNase_MRP ribozyme sequence,RNase_MRP_RNA,SO:0000385,"Rfam,RiboCentre",.((((((((((..((((((..(((((((............(...........................................)...............)))))))...................((((.....))))...............................................................(((......((((((...((((.....((((.......................................)))).)))).))))))....))).......................)))))).((((((.............................))))))..................)))).)))))),CGAGTCTTCTATGCTTGTCCTTCGGGGTTACATACGAGTTCTTAGTAACTGATTTAATAGCAGTTTTTACACATTAATTGTGTTTGGCTGTTGTTTATTTACCCTGGGAAAAGTCCCCGGGCCTAGGATAGAAAGTATCAAGGCGTAAGAAAAGAAAGTAATTTGTGTGTGGTGTTCGCTGCATTTTATTTGTTCGCCTATATTCCATGGAAATTCTCTTAGCATATATCAATTAAGAGTCCTCCTGCCCTCTAACCAGGGCAAGAAGACGAATTGATGCTTAGTGTTCATGGAAACGTGCCAGAGCCATTAGTAATGGACATAGAAATGCAAACCGGTTTTCTTGTAGAAAATCGGTAAGTATTTACAAAATGGGGCTTACAATAGGGAGGTTC,395,RF00030
URS0000D8E141_9103,9103,Meleagris gallopavo (turkey) RNase MRP (ENSMGAG00000018794.1),RNase_MRP_RNA,SO:0000385,"Ensembl,Rfam,RiboCentre",.((((((((((..((((((..(((((((........(((((((...)))))))...............)))))))...................((((.....))))((((((.....)))))).(((..((((((.((((.......((((......((((..))))...))))..)))))))))).)))......................)))))).((((((.........................))))))....................)))))))))),GGATGTTCTGAAGACCTGCTCTCTAGGCTACGCACGGAGGACGCCTGTTCCTCGAGGGCCGCGCGCCCGCCTAGGGGAAAGTCCCCGGACCGCGGGCAGAGAGTGCCGCGCGCCGCCGGCGCCCGCCCCGCCCCGCAGCTCGCGCACGCCGCTGAGACGCTCCCGGGCCGAGCGGGTGAGCGCGGGGCGGGATTTCGTCACGGCCACAGACACGCAGGTAGTGCGGAGGCGAGTCCCGCCAGCCGGGTCCGCAGCACCAACAGAACGGGGCTCACTCTCAGGCCATC,287,RF00030
URS00006653F3_3659,3659,Cucumis sativus RNase_MRP ribozyme sequence,RNase_MRP_RNA,SO:0000385,"Ensembl Plants,Rfam,RiboCentre",.((((((((((..((((((.......................................................((((....))))((((((....)))))).(((...((((((((((...((((......((..))...)))).........)))))))))).)))......................)))))).((((((.))))))..................)))))))))),TTGCCGTGGGATAGAGTGATCGGGTCAAAGCTTCTACTAGAAGTTAAACTCAGGAAAGTCCTCGGGCCGTCACCCGTAGAAATACGGATTCGGTAACGAATTCAGCCTTGTGAGCCCATTGGGTGCTGAGACACGTGTGGAGCATTAAAGCCCAATGGGCCAAAGGTTAATTGGCCAAATTAACAGTTATTCACTCAGCCCCTTTGGGGCTACAGAACGGGGCTTACTTCTCACGGCA,238,RF00030
URS0000C58802_98403,98403,Drechmeria coniospora RNase_MRP ribozyme sequence,RNase_MRP_RNA,SO:0000385,"Rfam,RiboCentre",.((((((((((..((((((...(((((((.........(((((((.........))))))).............)))))).)................................((((....))))..............................................................................................................................................................................................................((((...))))..............................................)))))).((((((....))))))....................)))).)))))),CCCTCGGTCGACAAATCGCCATTCGAAGCTTACAGACAGAGACACCGCCTAGCGGCGTCTCTCTCACTCGAAATGCTTTGGGAGAAAGTCCCCGGACGACTCCTTTTGGGAGCTTGCGGAAACGCGCCGCCATAAAAGCACTGCGGCTGACCTTTGCTCCTTGGCCCTCTGGCGGTGCACGCCCTGCCAACCGCTACATCGTCCTCTCGCACACCGATGTCGGCTCCGTTTTGCACATGTTTGGACGCCATGGATGAAGATATGAGTCCGAGCCGGACATGTGCGGATGGATGTCGGCCGCGGTGACGGGTGGTCTGATGGTTGGCGGACGTGTTGTGTCGCCAGAGCGGTATCGGGAGCAGAGGACTTTTGTCGAGGTTCATAGGTATGCGATTGCCCGGCGCAAGCTGGGTTACTCGATGGGGCTTATTCTTGAGGCGAGG,443,RF00030
URS0000C75EDB_1156394,1156394,Saprolegnia diclina VS20 RNase MRP,RNase_MRP_RNA,SO:0000385,Rfam,.((((((((((..((((((....((((((......................))))))....................((((.....)))).(((.....))).(((...((((((...(((((((......((((......))))...))))..)))))))))....))).....................)))))).((((((...........................))))))....................)))))))))),GAACACGATTTAGAATTGCGAAGTCAAGCCGCCTGCCAATGGCAAGCGAACGCTTGGGGAAATTCCCCGGACCGTAGGGCAGCAAGTGCCGGCCATAACGGCAGACCGCTTCTTTTGGACGCTGCGGAGATGGCACTTCGGTGCCGGAGCACGTGCTGATGAAGGAAGTCTGATCGTCATACCACAGTTATGCAATTGGCCCCTGGCAACGTCGACGTCGTGCGGCAGCCAGTGGGTTAACCCAACGGGGATCACTCATGTCGTGTT,267,RF00030
URS0000D87574_45354,45354,[Candida] intermedia RNase_MRP ribozyme sequence,RNase_MRP_RNA,SO:0000385,"Rfam,RiboCentre",.((((((((((..((((((..(((((((.........(....................).........)))))))....................((((....))))...........................................................................................................................................................................................................................................................................................................................(((...(((((....))))).))).......................)))))).((((((...))))))....................)))))))))),TTCATAGACAAAGATTTGCTTTCAAAGCTTACCAAATGACCACCGTGCCATCGCCTCTTTTGGCAAATGCTTTGGGGAAAGTCTCCGGCCGTCACAGCGGAAACGCAGCGATTCTTGAGGTCGTTTCGCCCTCTGTTCTGTTTCTACTCGGAGCCCAGCCATTTCGTTTTGTCTGCTTAGTTAGTATCCTCTTTTCTACTTGATCAGTATCCTCATTAGTGGAGCTATAATTCCCGTGCATCAATCCCTTTTGGATCTCGTGAGCTTCGGCTCTATGATGACATTTGGTTGTTTCGCGAGTTTGGAATGCTGGCCAATGTGGAATTGAGGTTTCCAGCTAGGTATAAAGGACGACATGGGATGCTGGGTGGACTGGAATAAGTAATAGAGGCGCTTACTTCATATCTCCACGGAGGTCTGAAGATTCGTCATTCGGCAATGGGATTTTGTATCCTAAACCATAGATATAGCAAGTGGCCATGTATCATGGCCAACCCAATGGAGCTCACTCTTGTTTATGA,521,RF00030
URS0000C7178A_1095629,1095629,Laccaria amethystina LaAM-08-1 RNase MRP,RNase_MRP_RNA,SO:0000385,Rfam,.((((((((((..((((((..(((((((.........(((((((.....))))))).....))))))).......................((.........................))...............................................................................................................................................................(((((((((...((((....)))).))))))))).......................)))))).((((((.........))))))....................)))))))))),TTGCTGTTTGAAGAATCGTTGTCGCAGCTCACGCACAGGGAGCTTCTGGCTCTCTCCATCCGCTGTGGGGAAAGTCCCCGGAGATACAGGGCGTGTCCTCGTCCAACCCAACGGAAAGCGACCGGCTCTAAGCACGACGGTACTGGTCGAGGACGGCGAGAATGATTTGCAAGGCCAAAGTCTTATCGGGTGCCTTGCTCCATCTCAGCCACTCTGTTGCTTGATTTAACGGTGGACCTCTCGGTGACGGCGTAGGTGCGCAAAGATACGAGCGTGCCTATTGCTCGAGTGGTTTGATCGGAGGACGAGCAGTTCGTTGCTCATAGACACAGTTATACGATTGTCGACCTGGCTTCCAGGTCTTCAACTCAATGGGGCTCACTCTCATTCAGCA,394,RF00030
URS0000C4C3EA_1104152,1104152,Glarea lozoyensis 74030 RNase MRP,RNase_MRP_RNA,SO:0000385,Rfam,.((((((((((..((((((..(((((((.........(((((((..........)))))))...................)))))).)...................................((((....))))((((((..........))))))...................................................................................................................................................................................................((((...))))......................................)))))).((((((......))))))....................)))).)))))),TTCTCGCTCAAAGAATCGCATTCAAAGCTCACAAACGGAAACATCTTTTCGAAGGTCTTTCACCAGCAATGGTCACTCGCGCTTTGGGAGAAAGTCCCCGGACAACCTTCCTTTGAGAAGGACTGCGGAAACGCGCCGCCATAGAAGCACTTTGCGGCTTACTCCTATTATCAATTCTCTCTCTTTCCTCCATCCTTACACCGTCTGTACCGCCTGTCTACCGAAGCAGTGAACGATGGTCGAACCATGGAGACCATACGGACGATGATATGAGTCTGAGCTCCTTGTGTAAAACCTTCGGGATCTGTGGAGGTGGATTCGTGGGAGTTGTTGGGTCTGTTCTTGGGTAGAGAGGGATGTCTTGGTAACTGGAATCATTTTCGTCGAGATCGATAGTTATTGCGATTGCTTCTTCTTTGGTTGAAGTAACTCGATGGGGCTCATTCTTGATGCGAGA,457,RF00030
URS0000D8F358_1266666,1266666,Lachancea nothofagi CBS 11611 RNase MRP,RNase_MRP_RNA,SO:0000385,Rfam,.(((((.(((((..((((((......(((((((.........(((((..)))))................))))))).........................((((.....))))..............................................................................................((((((...((............................(((()))).............)).))))))..............................)))))).((((((.............)))))).......................)))))..))))),ATTCATAGCTGAAGAATCGTCACTGATCGAAGCTTGCACAATGGACTTTGTTCCAGGTAATAATCCATAAGCTTTGGGTAGAAAGTCTCCCACCAGACCGTATGCGGAAAACGCAATGAGATTTAAAAATTTTTACAAAACGTTTAAATCAACTCATTAGAGCTGGGCTTCGGGAGAGGGAGGTGAGCGGCTCGATTCACTTATCGTCTTTTCCTGAGGTTCTTCATCTCCTGTCCCCTGGAATTCTAGGAATTTCGGTGGTGTCTTCGGTAAGGAAACCCATAAATGGGTTTTAAACCATAGTTATGACGATTGTGGCGGTGACTTTTCAGTCCCGCGATAACCCAATGGAGCTTACTTTTCTCTGCTCATGGA,375,RF00030
URS00006E340F_9598,9598,Pan troglodytes (chimpanzee) RNase MRP (ENSPTRG00000035459.2),RNase_MRP_RNA,SO:0000385,"ENA,Ensembl,Rfam,RiboCentre",.((((((((((..((((((..(((((((........(((((((.)))))))........)))))))...................((((.....))))..(((.....))).(((......(((.(((.((((........................(((.))).........)))).)))))).)))......................)))))).((((((........))))))....................)))))))))),GCTTGTGCTGAGGGCCTGTTTTCTAAGCTACACACTGGTGACTTGTTCCTTACTCTTCTGTCTAGGGGAAAGTCCCCAGACCTACGTCAGAGAGTACCATGTGGCTACACAAATTGACATTCCCATTTTCCATATAAAGTCTACAGGAAGCTAATAGGCATAGCAGGAGCAGCATGGTGAAGGGGCGTCCCCTTCAGCTCTTCTAGTTACACAGGCAGTGCACCTTCCCACATGCACCAACTACACAGGGCTTGTTCTCAGTGTGGC,267,RF00030
URS0000BD46A3_10036,10036,Mesocricetus auratus (Golden Hamster) RNase MRP (ENSMAUG00000004676.1),RNase_MRP_RNA,SO:0000385,"Ensembl,Rfam,RiboCentre",.((((((((((..((((((..(((((((........(((((((.)))))))......)))))))...................((((.....))))((((((....)))))).(((..((((((...((((.......((((..................(((())))...)))).)))).)))))).)))......................)))))).((((((.....))))))....................)))))))))),GCTCGCTCTGAAGGCCTGTTTCCTAGGCTACATACGAGGGACGAGTTCCTTACTTCCGCCTAGGGGAAAGTCCCCGGACCTTGGGCAGAGAGTGCCGCGTGCATACGCGCGTAGACTTCCCCGCGAGTCACTGCTAGTCCGCCAAGAAGCGATCCCCCCGGGGCGAGCCGAGCGGCGTGCGGCGGGGCGTCATCCGTCAGCTCTCCTAGTAACGCAGGCAGTGCGCCTCACGCGCACCAACCGCACGGGGCTCATTCTCAGCGCGGC,267,RF00030
URS0000C46D6F_1714833,1714833,Leucoagaricus sp. SymC.cos RNase MRP,RNase_MRP_RNA,SO:0000385,Rfam,.((((((((((..((((((..(((((((...........(((((((..))))))).........)))))))....................................................................................................................................................................................................((((((...((((.....((((......((((....))))...)))).)))).))))))....................................)))))).((((((............))))))....................)))))))))),GCGCTGTCCAAAGTATCGTCGTCGCAGCTTACGCACAGGGAGTTCTTCTTGGCTCTCGAATTTGGCTGTGGGGAAAGTCCCCGGAGATCGCAGAGCATATCTTCGGTCCATTTCTCTGGAAAGCGACTGGCTCTAGGCACGACAGTTTCCGGATCGAATGATCGTTCAAGGACCCCGGTCGACCTGTGTTGAGCGTGTGCACTGTCGCATGCTCACATTTGGCACCCGCTTGAACACTCTGTACGCTTGCACTCGAAGGCTGATTGACGGCGAAAGGTATTAGGAGTGCGAAGACATGAGCACTCTTGATGCTCGTTGGTTTGCTGGAGAGGCGGCACTTTGTTGCTCATAACCAAAGTTATACGATAGTTGACTCGCGTTTTCGCGTGTCTTCAACACAATGGGGCTCACTCTTGGTCAGCG,423,RF00030